timestamp(s),base_x,base_y,base_z,robot_x_dir_x,robot_x_dir_y,robot_x_dir_z,FL_x,FL_y,FR_x,FR_y,RL_x,RL_y,RR_x,RR_y,FL_contact,FR_contact,RL_contact,RR_contact
0.0188,3.5046,3.9758,0.7837,0.9996,-0.0105,-0.0275,3.734,4.1474,3.6368,3.7887,3.2169,4.1201,3.1124,3.7883,0,0,0,0
0.0661,3.5096,3.9748,0.7825,0.9985,-0.0191,-0.0517,3.7151,4.1319,3.6684,3.7845,3.1954,4.0919,3.1684,3.7998,0,0,0,0
0.0784,3.5144,3.9737,0.7776,0.997,-0.023,-0.0736,3.6881,4.1213,3.695,3.7673,3.179,4.0752,3.2107,3.8182,0,0,0,0
0.09,3.5189,3.9722,0.7684,0.9948,-0.0249,-0.0988,3.6706,4.1211,3.7231,3.7558,3.173,4.0689,3.2427,3.831,0,0,0,0
0.1013,3.5229,3.9707,0.755,0.992,-0.026,-0.1236,3.6699,4.1211,3.7445,3.7499,3.1847,4.0647,3.2859,3.8378,0,0,0,0
0.1145,3.5272,3.9693,0.7376,0.9894,-0.0256,-0.143,3.6821,4.1145,3.7519,3.7509,3.2099,4.0582,3.3134,3.8372,0,0,0,0
0.1288,3.5318,3.968,0.7162,0.9873,-0.0237,-0.1568,3.7028,4.1029,3.7489,3.7556,3.2332,4.0461,3.3209,3.835,0,0,0,0
0.1427,3.5368,3.9668,0.6909,0.9855,-0.0219,-0.1683,3.7147,4.0969,3.7467,3.7589,3.2477,4.0324,3.3175,3.8349,1,0,1,0
0.158,3.543,3.9648,0.6685,0.981,-0.0203,-0.1927,3.7133,4.0967,3.7274,3.7627,3.2472,4.0321,3.3153,3.8358,1,1,1,1
0.1741,3.5494,3.9631,0.6537,0.9751,-0.0219,-0.2206,3.7124,4.0966,3.7263,3.7628,3.247,4.0321,3.3151,3.8357,1,1,1,1
0.1901,3.5565,3.9619,0.6446,0.9705,-0.0254,-0.2398,3.7122,4.0965,3.726,3.7629,3.2473,4.0321,3.3152,3.8356,1,1,1,1
0.2114,3.5648,3.961,0.6384,0.9668,-0.0292,-0.2537,3.7124,4.0964,3.726,3.7628,3.2478,4.0321,3.3156,3.8356,1,1,1,1
0.2268,3.574,3.9602,0.6331,0.9645,-0.0325,-0.2622,3.7129,4.0963,3.7262,3.7628,3.2486,4.0321,3.3115,3.8226,1,1,1,0
0.2408,3.5834,3.9593,0.6272,0.9637,-0.0353,-0.2647,3.7135,4.0963,3.7266,3.7628,3.2491,4.0322,3.3142,3.7964,1,1,1,0
0.2557,3.5926,3.958,0.6209,0.9639,-0.0377,-0.2638,3.7141,4.0961,3.7271,3.7628,3.2496,4.0323,3.3253,3.7676,1,1,1,0
0.2706,3.6015,3.9565,0.6143,0.9646,-0.0397,-0.2609,3.7148,4.096,3.7276,3.7627,3.25,4.0323,3.3418,3.7422,1,1,1,0
0.2855,3.6102,3.9545,0.6078,0.9655,-0.0417,-0.2571,3.7155,4.0958,3.7282,3.7626,3.2504,4.0323,3.3613,3.7221,1,1,1,0
0.3005,3.6187,3.9523,0.6014,0.9665,-0.0441,-0.2529,3.7162,4.0956,3.7288,3.7625,3.2509,4.0323,3.3827,3.7067,1,1,1,0
0.3171,3.6271,3.9497,0.5951,0.9675,-0.0468,-0.2485,3.717,4.0953,3.7293,3.7623,3.2514,4.0323,3.4056,3.6942,1,1,1,0
0.3388,3.6354,3.9469,0.5889,0.9685,-0.0496,-0.2439,3.7178,4.0951,3.73,3.7621,3.252,4.0323,3.4292,3.6831,1,1,1,0
0.3589,3.6437,3.944,0.5827,0.9695,-0.0522,-0.2393,3.7186,4.0948,3.7306,3.7619,3.2525,4.0323,3.4528,3.673,1,1,1,0
0.3791,3.6519,3.9409,0.5766,0.9705,-0.0545,-0.2348,3.7194,4.0945,3.7314,3.7616,3.2531,4.0322,3.4759,3.6634,1,1,1,0
0.3998,3.6602,3.9376,0.5706,0.9715,-0.0564,-0.2302,3.7203,4.0941,3.7321,3.7613,3.2538,4.0322,3.498,3.6543,1,1,1,0
0.4199,3.6685,3.9342,0.5648,0.9726,-0.0582,-0.2252,3.7212,4.0938,3.733,3.7611,3.2544,4.0321,3.5188,3.6456,1,1,1,0
0.4403,3.6769,3.9307,0.5593,0.9737,-0.0597,-0.2198,3.7221,4.0934,3.7338,3.7608,3.2551,4.032,3.5381,3.6374,1,1,1,0
0.4626,3.6852,3.927,0.5543,0.975,-0.061,-0.2138,3.723,4.093,3.7347,3.7604,3.2559,4.0319,3.5556,3.6298,1,1,1,0
0.4834,3.6936,3.9232,0.5498,0.9763,-0.0624,-0.2074,3.7239,4.0925,3.7357,3.76,3.2594,4.0318,3.5712,3.6229,1,1,1,0
0.5032,3.7021,3.9191,0.546,0.9775,-0.0638,-0.2012,3.7248,4.0921,3.7366,3.7596,3.2645,4.0314,3.5851,3.6165,1,1,1,0
0.5287,3.7107,3.9149,0.543,0.9786,-0.0652,-0.1951,3.7258,4.0916,3.7376,3.7592,3.2709,4.0306,3.598,3.6104,1,1,1,0
0.5508,3.7196,3.9105,0.5408,0.9797,-0.0668,-0.1892,3.7267,4.0911,3.7386,3.7588,3.2876,4.0289,3.6104,3.6044,1,1,1,0
0.5726,3.7288,3.9061,0.5395,0.9803,-0.0685,-0.1853,3.7277,4.0907,3.7396,3.7583,3.3134,4.0245,3.6235,3.5995,1,1,1,0
0.5963,3.7383,3.9018,0.5386,0.9801,-0.07,-0.1856,3.7286,4.0903,3.7405,3.7579,3.3503,4.0168,3.638,3.5965,1,1,1,0
0.6174,3.7478,3.8983,0.5376,0.979,-0.0706,-0.191,3.7295,4.09,3.7415,3.7575,3.4066,4.0049,3.6555,3.5937,1,1,0,0
0.6347,3.7578,3.8959,0.5364,0.977,-0.0702,-0.2014,3.7316,4.0875,3.7425,3.7573,3.4901,3.9822,3.6769,3.5928,1,1,0,0
0.6555,3.7683,3.8948,0.5347,0.976,-0.071,-0.2058,3.7546,4.0531,3.7435,3.7571,3.563,3.9515,3.7026,3.5907,0,1,0,0
0.6769,3.7792,3.895,0.5313,0.9766,-0.0708,-0.2031,3.7994,4.0012,3.7446,3.757,3.6252,3.9208,3.7227,3.5888,1,1,0,0
0.697,3.7893,3.8957,0.5244,0.9757,-0.0685,-0.2082,3.8645,3.9835,3.7779,3.7585,3.6777,3.8985,3.729,3.595,0,1,0,0
0.7198,3.7988,3.8951,0.5173,0.9766,-0.0632,-0.2054,3.8664,3.9835,3.7887,3.7575,3.7082,3.8854,3.7242,3.5886,1,1,0,0
0.7416,3.8078,3.8932,0.5115,0.9797,-0.0573,-0.1921,3.8677,3.9837,3.7905,3.7567,3.7187,3.8796,3.7173,3.5848,1,1,0,0
0.7683,3.8158,3.8901,0.5056,0.983,-0.0534,-0.1757,3.8688,3.9836,3.7949,3.7556,3.7212,3.8806,3.716,3.5859,1,1,0,1
0.7924,3.8228,3.8863,0.4997,0.9854,-0.0556,-0.161,3.8698,3.9834,3.8181,3.7519,3.7204,3.8841,3.7154,3.5859,1,0,1,1
0.8172,3.8295,3.8824,0.4946,0.9872,-0.0587,-0.1486,3.8708,3.9831,3.8235,3.7504,3.7199,3.8843,3.7149,3.586,1,1,1,1
0.8413,3.8356,3.8782,0.4903,0.988,-0.0634,-0.1408,3.8717,3.9826,3.8253,3.7497,3.7196,3.8845,3.7145,3.586,1,1,1,1
0.8642,3.8417,3.8739,0.4875,0.988,-0.0695,-0.1376,3.8724,3.9821,3.826,3.7491,3.7197,3.8844,3.7145,3.5856,1,1,1,1
0.8874,3.8483,3.8698,0.4859,0.9879,-0.0748,-0.1356,3.8731,3.9816,3.8267,3.7485,3.7199,3.8844,3.7196,3.5784,1,1,1,0
0.9061,3.8556,3.8666,0.4851,0.988,-0.0775,-0.1339,3.8737,3.9811,3.8273,3.7477,3.7198,3.8848,3.7361,3.5671,1,1,1,0
0.9268,3.8637,3.8646,0.4848,0.988,-0.0782,-0.133,3.8744,3.9809,3.8279,3.7473,3.7203,3.8849,3.7635,3.5578,1,1,1,0
0.9486,3.8729,3.8636,0.4848,0.9882,-0.0768,-0.1323,3.8751,3.9808,3.8286,3.7471,3.721,3.885,3.7973,3.551,1,1,1,0
0.9701,3.883,3.8642,0.4848,0.9885,-0.0728,-0.1325,3.8767,3.9801,3.8294,3.7471,3.7229,3.8831,3.8309,3.546,1,1,1,0
0.9904,3.8933,3.8665,0.4843,0.9887,-0.0652,-0.1351,3.9149,3.9713,3.8302,3.7474,3.7369,3.8852,3.8588,3.5436,0,1,0,0
1.0135,3.9031,3.8696,0.4816,0.987,-0.0598,-0.1494,3.9769,3.9656,3.846,3.7462,3.7591,3.8883,3.8767,3.556,0,1,0,0
1.0352,3.9122,3.8706,0.4806,0.9855,-0.0592,-0.1588,3.9779,3.9673,3.8977,3.745,3.7839,3.8849,3.8778,3.5615,1,0,0,1
1.0545,3.9218,3.8686,0.4809,0.9868,-0.0573,-0.1516,3.9787,3.9671,3.9476,3.7341,3.8043,3.88,3.878,3.5614,1,1,1,1
1.0773,3.9308,3.8656,0.4811,0.9881,-0.0555,-0.1433,3.9795,3.9668,3.9784,3.7251,3.8056,3.8804,3.8778,3.5615,1,0,1,1
1.0993,3.9388,3.8625,0.4815,0.9883,-0.0561,-0.1417,3.9803,3.9662,3.9922,3.7213,3.806,3.8803,3.8866,3.5693,1,0,1,0
1.1164,3.9465,3.8596,0.4818,0.9877,-0.0584,-0.1452,3.981,3.9657,3.9929,3.7208,3.8065,3.8804,3.9053,3.579,1,1,1,0
1.1378,3.9544,3.8571,0.4821,0.9867,-0.0606,-0.1506,3.9818,3.9652,3.9938,3.7205,3.8071,3.8804,3.9281,3.5859,1,1,1,0
1.1592,3.9628,3.855,0.4822,0.9858,-0.062,-0.1558,3.9826,3.9649,3.9947,3.7202,3.8078,3.8805,3.9511,3.5887,1,1,1,0
1.1806,3.9717,3.853,0.4821,0.9851,-0.0625,-0.1601,3.9834,3.9647,3.9956,3.72,3.8087,3.8805,3.9721,3.5875,1,1,1,0
1.2026,3.981,3.8514,0.482,0.9846,-0.0621,-0.1634,3.9841,3.9646,3.9966,3.7198,3.8097,3.8805,3.9897,3.5829,1,1,1,0
1.2234,3.9907,3.8499,0.482,0.9842,-0.0608,-0.166,3.9848,3.9645,3.9976,3.7197,3.8108,3.8804,4.0033,3.5762,1,1,1,0
1.2478,4.0008,3.8488,0.4822,0.9839,-0.059,-0.1689,3.9856,3.9645,3.9985,3.7196,3.8132,3.8795,4.0133,3.5683,1,1,1,0
1.2701,4.0114,3.8484,0.4826,0.9832,-0.0569,-0.1734,3.9864,3.9644,3.9995,3.7195,3.8185,3.877,4.0206,3.56,1,1,1,0
1.2917,4.0223,3.8492,0.4828,0.982,-0.0537,-0.1812,3.9881,3.9641,4.0004,3.7196,3.8269,3.8717,4.0267,3.5517,1,1,1,0
1.3109,4.0331,3.8516,0.4827,0.9804,-0.0483,-0.1908,4.0164,3.956,4.0015,3.7197,3.844,3.8635,4.0341,3.5443,1,1,1,0
1.3307,4.0433,3.8553,0.4811,0.9774,-0.0424,-0.2073,4.0484,3.9507,4.0026,3.7201,3.8719,3.8574,4.0406,3.544,1,1,0,0
1.352,4.0521,3.8597,0.4772,0.9722,-0.0385,-0.2311,4.0649,3.9507,4.0534,3.7215,3.9052,3.8538,4.0391,3.5471,1,0,0,0
1.3729,4.0603,3.8618,0.4769,0.972,-0.033,-0.2327,4.0656,3.9512,4.1199,3.7211,3.9325,3.8527,4.0354,3.5505,1,0,1,0
1.3942,4.0672,3.8614,0.4804,0.9745,-0.0265,-0.2226,4.0655,3.9509,4.1727,3.7219,3.9409,3.8519,4.0417,3.5601,1,1,1,0
1.4205,4.0737,3.8596,0.4841,0.9764,-0.0238,-0.2144,4.0654,3.9505,4.1759,3.724,3.9412,3.8513,4.0562,3.5757,1,1,1,0
1.4425,4.0805,3.8573,0.487,0.9769,-0.0233,-0.2124,4.0656,3.9498,4.1767,3.7238,3.9417,3.8507,4.073,3.5905,1,1,1,0
1.4574,4.0876,3.855,0.489,0.9765,-0.0243,-0.2143,4.0659,3.9492,4.1776,3.7235,3.9424,3.8502,4.0905,3.6009,1,1,1,0
1.4772,4.0953,3.8528,0.4902,0.9758,-0.0262,-0.2172,4.0663,3.9487,4.1785,3.7231,3.9431,3.8498,4.1078,3.605,1,1,1,0
1.4995,4.1034,3.8506,0.4908,0.9752,-0.0283,-0.2195,4.0668,3.9484,4.1795,3.7229,3.9438,3.8495,4.1234,3.6031,1,1,1,0
1.5154,4.1121,3.8486,0.491,0.9748,-0.03,-0.2211,4.0674,3.9481,4.1805,3.7226,3.9446,3.8492,4.1366,3.5966,1,1,1,0
1.534,4.1212,3.8466,0.491,0.9745,-0.0312,-0.2221,4.068,3.9478,4.1816,3.7224,3.9454,3.849,4.1473,3.5873,1,1,1,0
1.5555,4.1307,3.8448,0.4909,0.9743,-0.0318,-0.223,4.0686,3.9476,4.1826,3.7222,3.9463,3.8488,4.1559,3.5769,1,1,1,0
1.5784,4.1405,3.8432,0.4909,0.974,-0.032,-0.2241,4.0692,3.9473,4.1838,3.7221,3.9473,3.8485,4.1635,3.5666,1,1,1,0
1.5973,4.1507,3.8424,0.4908,0.9737,-0.0316,-0.2257,4.0699,3.9471,4.1849,3.7221,3.9485,3.8481,4.171,3.5566,1,1,1,0
1.6174,4.1609,3.8427,0.4905,0.9732,-0.0301,-0.2279,4.0787,3.9448,4.186,3.7222,3.9505,3.8467,4.1794,3.5463,1,1,1,0
1.6396,4.1709,3.8445,0.4902,0.9735,-0.0259,-0.2272,4.1311,3.9357,4.1871,3.7224,3.9577,3.8402,4.1905,3.5376,0,1,1,0
1.66,4.1813,3.8479,0.4892,0.973,-0.0251,-0.2296,4.2192,3.9302,4.1882,3.7226,3.9848,3.8325,4.2017,3.5383,0,1,0,0
1.6807,4.1918,3.8521,0.487,0.9707,-0.0303,-0.2383,4.2351,3.9298,4.2368,3.7164,4.0242,3.8287,4.2,3.5367,1,0,1,0
1.7087,4.2015,3.8544,0.4875,0.9708,-0.031,-0.2379,4.2359,3.9301,4.2886,3.7117,4.0507,3.8287,4.1916,3.5407,1,0,1,0
1.7267,4.2105,3.8551,0.4893,0.9728,-0.0282,-0.2301,4.2364,3.9305,4.3231,3.7147,4.0644,3.8267,4.1896,3.5521,1,0,1,0
1.7494,4.2188,3.8546,0.4906,0.9741,-0.0261,-0.2244,4.2369,3.9305,4.3322,3.7187,4.0654,3.826,4.198,3.5674,1,0,1,0
1.7708,4.2268,3.8531,0.4909,0.9741,-0.0272,-0.2244,4.2375,3.9304,4.3327,3.7191,4.0657,3.8257,4.2119,3.5836,1,1,1,0
1.7868,4.2348,3.8513,0.4905,0.9735,-0.0296,-0.2269,4.2382,3.9302,4.3338,3.7189,4.0661,3.8255,4.228,3.594,1,1,1,0
1.8072,4.2424,3.8496,0.4902,0.9733,-0.0309,-0.2274,4.2388,3.9299,4.3348,3.7186,4.0665,3.8253,4.2445,3.5971,1,1,1,0
1.8298,4.2493,3.8479,0.4905,0.9743,-0.0302,-0.223,4.2393,3.9296,4.3357,3.7184,4.0667,3.8251,4.2602,3.595,1,1,1,0
1.8499,4.2564,3.846,0.4906,0.9752,-0.0301,-0.2194,4.2397,3.9293,4.3366,3.7182,4.067,3.8249,4.2745,3.5901,1,1,1,0
1.8677,4.264,3.8439,0.4905,0.9757,-0.0304,-0.2168,4.2403,3.929,4.3375,3.718,4.0674,3.8247,4.287,3.5832,1,1,1,0
1.8835,4.2721,3.8417,0.4906,0.9762,-0.0307,-0.2145,4.2408,3.9286,4.3385,3.7177,4.068,3.8245,4.2977,3.5755,1,1,1,0
1.9006,4.2807,3.8394,0.4909,0.9768,-0.0307,-0.212,4.2415,3.9281,4.3396,3.7175,4.0691,3.8242,4.3067,3.5679,1,1,1,0
1.9251,4.2897,3.8373,0.4915,0.9774,-0.0307,-0.2091,4.2421,3.9277,4.3406,3.7173,4.0731,3.8236,4.3145,3.5607,1,1,1,0
1.9466,4.2993,3.8356,0.4922,0.9781,-0.0308,-0.2058,4.2427,3.9275,4.3416,3.7171,4.0813,3.8213,4.3217,3.5538,1,1,1,0
1.9691,4.3092,3.8343,0.4927,0.9788,-0.0305,-0.2025,4.2434,3.9272,4.3426,3.7169,4.0932,3.8174,4.3291,3.5469,1,1,1,0
1.9908,4.3191,3.8339,0.4926,0.9793,-0.0294,-0.2001,4.2441,3.9271,4.3436,3.7168,4.1053,3.8104,4.3381,3.54,1,1,1,0
2.0119,4.3287,3.8348,0.492,0.9801,-0.026,-0.1967,4.272,3.9188,4.3446,3.7169,4.1184,3.7984,4.3503,3.5337,1,1,1,0
2.033,4.3378,3.837,0.4903,0.981,-0.0212,-0.1928,4.3407,3.91,4.3455,3.717,4.1477,3.7903,4.3634,3.5301,0,1,0,0
2.0534,4.3458,3.8399,0.4868,0.981,-0.0239,-0.1925,4.3838,3.9088,4.3757,3.7116,4.1927,3.7919,4.3685,3.5334,1,1,0,0
2.0694,4.3524,3.8417,0.4853,0.9838,-0.0242,-0.1776,4.3843,3.9095,4.3893,3.7078,4.227,3.7991,4.3662,3.5358,1,1,0,0
2.0874,4.3582,3.842,0.4849,0.9872,-0.0222,-0.1582,4.3846,3.9095,4.4135,3.7015,4.2344,3.8001,4.3556,3.5384,1,0,1,0
2.1065,4.364,3.8417,0.4852,0.9893,-0.0211,-0.1443,4.385,3.9094,4.4372,3.6986,4.2343,3.8002,4.3486,3.547,1,1,1,0
2.1248,4.3699,3.8413,0.4857,0.9905,-0.0223,-0.1357,4.3854,3.9093,4.4449,3.7001,4.2343,3.8002,4.3528,3.5598,1,1,1,0
2.143,4.3761,3.8404,0.4864,0.9907,-0.026,-0.1333,4.3858,3.9091,4.4467,3.7006,4.2346,3.8,4.3649,3.5715,1,1,1,0
2.1621,4.3828,3.8391,0.4873,0.9904,-0.0315,-0.1348,4.3863,3.9089,4.4475,3.7005,4.235,3.7997,4.38,3.5779,1,1,1,0
2.1828,4.3899,3.8375,0.4883,0.9897,-0.0375,-0.1382,4.3868,3.9086,4.4482,3.7002,4.2354,3.7994,4.395,3.5778,1,1,1,0
2.1985,4.3975,3.8357,0.4894,0.989,-0.0431,-0.1417,4.3873,3.9082,4.449,3.6999,4.2358,3.799,4.4088,3.5724,1,1,1,0
2.2181,4.4057,3.8337,0.4908,0.9884,-0.0479,-0.1441,4.3879,3.9078,4.4499,3.6996,4.2363,3.7986,4.4212,3.5635,1,1,1,0
2.2369,4.4144,3.8316,0.4923,0.988,-0.0517,-0.1453,4.3886,3.9074,4.4507,3.6993,4.2368,3.7981,4.432,3.5533,1,1,1,0
2.2552,4.4235,3.8295,0.4939,0.9879,-0.0541,-0.1454,4.3892,3.9069,4.4516,3.6991,4.2386,3.8004,4.4412,3.5432,1,1,1,0
2.2728,4.4331,3.8275,0.4957,0.9879,-0.0557,-0.1447,4.3899,3.9065,4.4524,3.6988,4.2447,3.8082,4.4493,3.5339,1,1,0,0
2.2932,4.4431,3.8261,0.4973,0.988,-0.0571,-0.1438,4.3906,3.9062,4.4534,3.6987,4.2528,3.8148,4.4569,3.5251,1,1,0,0
2.3163,4.4533,3.8257,0.4982,0.9876,-0.0584,-0.1455,4.3914,3.9061,4.4543,3.6986,4.2584,3.8135,4.4644,3.5168,1,1,1,0
2.3346,4.4633,3.8269,0.4984,0.9875,-0.0572,-0.1466,4.4468,3.8961,4.4552,3.6988,4.2722,3.8083,4.4736,3.5095,0,1,0,0
2.3559,4.4734,3.8297,0.4968,0.9867,-0.0594,-0.1511,4.5244,3.8908,4.4562,3.6991,4.306,3.8093,4.4817,3.5087,1,1,0,0
2.3779,4.4825,3.8329,0.4921,0.9841,-0.0659,-0.1646,4.5288,3.8919,4.5024,3.6949,4.3421,3.8105,4.4804,3.5116,1,0,0,0
2.397,4.4913,3.8345,0.4893,0.9832,-0.0656,-0.1706,4.5287,3.8934,4.5566,3.6842,4.3699,3.8182,4.4721,3.5144,1,0,0,0
2.4193,4.4993,3.8338,0.4901,0.9852,-0.0558,-0.1619,4.5286,3.8942,4.6039,3.6793,4.3918,3.8102,4.4676,3.5209,1,0,0,0
2.4419,4.5072,3.8322,0.4914,0.9876,-0.0476,-0.1496,4.529,3.8941,4.6343,3.6847,4.3921,3.81,4.4746,3.5342,1,0,1,0
2.4597,4.515,3.8302,0.4925,0.9888,-0.0421,-0.1435,4.5294,3.8939,4.6489,3.6977,4.3925,3.8098,4.4926,3.5532,1,0,1,0
2.4829,4.5225,3.8277,0.4928,0.9885,-0.041,-0.1454,4.5298,3.8938,4.6506,3.6981,4.393,3.8096,4.514,3.5712,1,1,1,0
2.5058,4.5302,3.8251,0.4927,0.988,-0.0412,-0.149,4.5304,3.8935,4.6517,3.6978,4.3936,3.8094,4.5326,3.5818,1,1,1,0
2.5285,4.538,3.8224,0.4921,0.9873,-0.0422,-0.1531,4.531,3.8934,4.6528,3.6974,4.3941,3.8093,4.5484,3.5838,1,1,1,0
2.5503,4.546,3.8198,0.4914,0.9866,-0.0438,-0.1573,4.5316,3.8932,4.6539,3.697,4.3948,3.8091,4.5616,3.579,1,1,1,0
2.5737,4.5544,3.8172,0.491,0.9859,-0.0455,-0.1607,4.5323,3.8929,4.655,3.6966,4.3955,3.809,4.5727,3.5697,1,1,1,0
2.5964,4.5632,3.8146,0.4908,0.9855,-0.0469,-0.1631,4.533,3.8926,4.6562,3.6963,4.3964,3.8089,4.5824,3.5581,1,1,1,0
2.6161,4.5722,3.812,0.4909,0.9852,-0.0479,-0.1646,4.5337,3.8922,4.6573,3.6959,4.3973,3.8087,4.5911,3.5464,1,1,1,0
2.6373,4.5817,3.8095,0.4914,0.985,-0.0485,-0.1654,4.5343,3.8918,4.6585,3.6957,4.3983,3.8085,4.5994,3.5358,1,1,1,0
2.6565,4.5914,3.8072,0.492,0.985,-0.0487,-0.1655,4.535,3.8916,4.6596,3.6955,4.3994,3.8082,4.6077,3.5264,1,1,1,0
2.6739,4.6013,3.8054,0.4927,0.9851,-0.0485,-0.165,4.5356,3.8914,4.6607,3.6953,4.4006,3.808,4.6166,3.5178,1,1,1,0
2.6909,4.6112,3.8044,0.4932,0.9852,-0.0476,-0.165,4.5363,3.8912,4.6618,3.6953,4.4018,3.8078,4.6263,3.5097,1,1,1,0
2.7125,4.6209,3.8046,0.4932,0.9854,-0.0447,-0.1646,4.5554,3.8878,4.6629,3.6955,4.403,3.8077,4.6373,3.5012,1,1,1,0
2.7295,4.6304,3.8064,0.4932,0.9857,-0.0401,-0.1636,4.6004,3.8834,4.664,3.6958,4.4084,3.8058,4.6491,3.4948,1,1,1,0
2.7463,4.64,3.8097,0.4926,0.9851,-0.0389,-0.1675,4.6355,3.8839,4.665,3.6962,4.431,3.8006,4.6593,3.4973,1,1,0,0
2.7647,4.6488,3.8138,0.4897,0.9822,-0.0428,-0.1831,4.6401,3.8858,4.6905,3.6891,4.4691,3.7974,4.6649,3.5045,1,0,0,0
2.7847,4.6573,3.8166,0.4861,0.9785,-0.0455,-0.2009,4.6417,3.8879,4.7382,3.6817,4.5087,3.8,4.6657,3.5104,1,0,0,0
2.8035,4.6675,3.8165,0.4845,0.9766,-0.0432,-0.2108,4.6417,3.8892,4.7782,3.6804,4.5403,3.7979,4.6639,3.5139,1,0,1,0
2.8199,4.6785,3.8137,0.4849,0.9751,-0.0407,-0.2181,4.6422,3.8892,4.787,3.6785,4.5523,3.7973,4.6658,3.5174,1,1,1,0
2.8338,4.6893,3.8099,0.4862,0.9737,-0.038,-0.2247,4.6425,3.8884,4.7885,3.6781,4.5534,3.7961,4.6743,3.5225,1,1,1,0
2.8568,4.6994,3.8065,0.4874,0.9728,-0.0358,-0.2288,4.6429,3.8878,4.7899,3.6777,4.5543,3.7954,4.6905,3.5246,1,1,1,0
2.8755,4.7088,3.8042,0.4877,0.9726,-0.0333,-0.2301,4.6433,3.8873,4.7911,3.6775,4.5551,3.795,4.7123,3.5249,1,1,1,0
2.8975,4.7179,3.803,0.4873,0.9727,-0.0301,-0.2301,4.6438,3.8871,4.7923,3.6773,4.5559,3.7949,4.7361,3.5254,1,1,1,0
2.9195,4.727,3.8029,0.4865,0.973,-0.0258,-0.2293,4.6444,3.8871,4.7935,3.6774,4.5567,3.7949,4.7589,3.5259,1,1,1,0
2.9356,4.7362,3.804,0.4853,0.9734,-0.0198,-0.2284,4.645,3.8872,4.7947,3.6776,4.5576,3.7951,4.7786,3.5252,1,1,1,0
2.9557,4.7451,3.8065,0.4837,0.9739,-0.0095,-0.2266,4.6624,3.8859,4.7958,3.678,4.5588,3.795,4.7949,3.5227,1,1,1,0
2.9774,4.7531,3.8106,0.4813,0.9742,0.0053,-0.2257,4.7164,3.8898,4.797,3.6785,4.5667,3.79,4.8059,3.5193,1,1,1,0
2.999,4.7607,3.8163,0.4766,0.9714,0.0116,-0.237,4.8047,3.8954,4.7981,3.6792,4.5913,3.7865,4.8093,3.5299,0,1,0,0
3.0183,4.7695,3.8213,0.4723,0.9695,0.0114,-0.245,4.8079,3.897,4.8452,3.6786,4.6222,3.7931,4.7984,3.5169,1,0,1,0
3.039,4.7793,3.8231,0.4727,0.971,0.0184,-0.2385,4.808,3.8981,4.8859,3.6796,4.6366,3.7954,4.7813,3.5114,1,0,1,0
3.0601,4.7888,3.823,0.4743,0.9725,0.0246,-0.2317,4.8082,3.8978,4.908,3.6873,4.6377,3.7953,4.7789,3.5216,1,1,1,0
3.078,4.7974,3.8219,0.4754,0.9723,0.0243,-0.2324,4.8087,3.8976,4.9074,3.6871,4.6383,3.795,4.7876,3.5377,1,1,1,0
3.0981,4.8058,3.8204,0.4759,0.9715,0.0222,-0.2362,4.8093,3.8973,4.9085,3.6869,4.6391,3.7948,4.8028,3.5521,1,1,1,0
3.1297,4.8142,3.819,0.4758,0.9705,0.0191,-0.2405,4.8101,3.897,4.9096,3.6866,4.6398,3.7946,4.8217,3.5607,1,1,1,0
3.148,4.8228,3.8175,0.4754,0.9698,0.0163,-0.2435,4.8107,3.8967,4.9107,3.6864,4.6406,3.7945,4.8409,3.5628,1,1,1,0
3.1701,4.8316,3.8161,0.4751,0.9694,0.0144,-0.245,4.8114,3.8964,4.9118,3.6863,4.6413,3.7944,4.8582,3.5597,1,1,1,0
3.1922,4.8407,3.8148,0.475,0.9693,0.0135,-0.2455,4.812,3.8961,4.9129,3.6861,4.6421,3.7943,4.8727,3.5536,1,1,1,0
3.212,4.8502,3.8136,0.4752,0.9694,0.0131,-0.2453,4.8126,3.8959,4.914,3.686,4.6447,3.7947,4.8845,3.5464,1,1,1,0
3.232,4.8601,3.8127,0.4756,0.9695,0.0125,-0.2446,4.8132,3.8957,4.9151,3.6859,4.652,3.795,4.8944,3.539,1,1,1,0
3.2551,4.8704,3.8122,0.476,0.9696,0.0121,-0.2442,4.8139,3.8955,4.9162,3.6859,4.6621,3.7936,4.9034,3.5321,1,1,1,0
3.2773,4.8807,3.8124,0.4762,0.9695,0.0123,-0.245,4.8146,3.8953,4.9173,3.6859,4.6734,3.7909,4.9129,3.5257,1,1,1,0
3.295,4.8908,3.8136,0.4757,0.9689,0.0138,-0.2469,4.8243,3.8934,4.9183,3.686,4.6855,3.7874,4.9245,3.52,1,1,1,0
3.3157,4.9007,3.8162,0.4745,0.9686,0.017,-0.248,4.8832,3.8856,4.9194,3.6862,4.7017,3.7791,4.9383,3.5161,0,1,1,0
3.3375,4.9095,3.8201,0.4721,0.9678,0.014,-0.2512,4.9603,3.8836,4.9202,3.6867,4.7357,3.7805,4.9475,3.5143,0,1,0,0
3.3606,4.9152,3.8237,0.4717,0.9698,0.0116,-0.2437,4.9606,3.8829,4.9742,3.685,4.7699,3.7868,4.9407,3.5101,1,0,0,0
3.3836,4.9193,3.8263,0.4725,0.9749,0.0178,-0.2218,4.9607,3.8831,5.0205,3.6791,4.7931,3.7841,4.9256,3.5175,1,0,0,0
3.4067,4.9237,3.8287,0.4718,0.9801,0.0254,-0.1968,4.961,3.8833,5.0519,3.6786,4.7937,3.7839,4.9178,3.5283,1,0,1,0
3.4296,4.9289,3.8311,0.471,0.9839,0.0313,-0.1757,4.9614,3.8835,5.0702,3.682,4.7933,3.7843,4.9229,3.5495,1,0,1,0
3.4525,4.9349,3.8336,0.4706,0.9867,0.0368,-0.1585,4.9619,3.8837,5.0826,3.6886,4.7933,3.7846,4.939,3.5732,1,0,1,0
3.4738,4.9417,3.8361,0.4705,0.9886,0.0431,-0.1445,4.9624,3.8839,5.0924,3.6983,4.7933,3.7848,4.961,3.5925,1,0,1,0
3.4913,4.9493,3.8384,0.4706,0.9898,0.0501,-0.1336,4.963,3.8841,5.1004,3.7096,4.7936,3.7849,4.984,3.6046,1,0,1,0
3.5119,4.9577,3.8403,0.471,0.9903,0.0573,-0.1262,4.9636,3.8842,5.1062,3.7216,4.7941,3.7848,5.0043,3.6096,1,0,1,0
3.5345,4.9666,3.8418,0.4716,0.9904,0.0643,-0.1224,4.9643,3.8842,5.1097,3.7348,4.7948,3.7846,5.0199,3.6082,1,0,1,0
3.5533,4.9755,3.8427,0.4725,0.9901,0.0675,-0.123,4.965,3.8841,5.1122,3.7379,4.7955,3.7843,5.0305,3.6024,1,1,1,0
3.5754,4.9844,3.8432,0.4737,0.9899,0.0686,-0.1244,4.9657,3.8839,5.1136,3.7383,4.7966,3.7839,5.0362,3.5929,1,1,1,0
3.5987,4.9933,3.8432,0.4749,0.9896,0.0682,-0.1268,4.9665,3.8838,5.1148,3.7385,4.799,3.784,5.04,3.582,1,1,1,0
3.6226,5.0024,3.843,0.476,0.9894,0.0668,-0.1293,4.9672,3.8836,5.116,3.7385,4.8062,3.7876,5.044,3.5712,1,1,1,0
3.648,5.0118,3.8424,0.477,0.9893,0.065,-0.1306,4.9679,3.8834,5.1171,3.7385,4.8186,3.7965,5.0496,3.561,1,1,0,0
3.6725,5.0214,3.8418,0.4779,0.9893,0.0628,-0.1314,4.9687,3.8832,5.1182,3.7384,4.8296,3.8022,5.0572,3.5525,1,1,1,0
3.6901,5.0313,3.8413,0.4788,0.9894,0.0605,-0.1323,4.9695,3.883,5.1193,3.7382,4.8383,3.8037,5.0671,3.5466,1,1,1,0
3.7128,5.0414,3.841,0.4797,0.9894,0.0589,-0.1328,4.9702,3.8828,5.1203,3.7381,4.8469,3.8044,5.0793,3.5422,1,1,1,0
3.7351,5.0516,3.8414,0.4801,0.9894,0.0585,-0.1332,4.971,3.8828,5.1213,3.738,4.8543,3.8043,5.0927,3.5381,1,1,1,0
3.7539,5.0616,3.843,0.4797,0.9892,0.0603,-0.1338,4.9875,3.883,5.1222,3.7381,4.8598,3.8011,5.1066,3.5329,1,1,1,0
3.7756,5.071,3.8461,0.4782,0.9888,0.0659,-0.1336,5.0447,3.8905,5.123,3.7384,4.8736,3.7928,5.1192,3.5281,0,1,0,0
3.8007,5.08,3.8508,0.4745,0.988,0.0672,-0.139,5.1269,3.913,5.1239,3.7388,4.9092,3.7919,5.1272,3.5343,0,1,0,0
3.8161,5.0896,3.8559,0.4683,0.987,0.0627,-0.1482,5.1368,3.92,5.1763,3.7316,4.9474,3.8018,5.1236,3.5383,1,0,0,0
3.8371,5.0992,3.859,0.4648,0.9873,0.0686,-0.1434,5.1375,3.9211,5.2204,3.7226,4.9774,3.8091,5.1163,3.5421,1,0,0,0
3.8598,5.1086,3.8605,0.4625,0.9885,0.0764,-0.1308,5.1381,3.9218,5.2565,3.7235,4.9957,3.8056,5.1185,3.5522,1,0,1,0
3.8785,5.1169,3.861,0.461,0.9894,0.0769,-0.1231,5.1387,3.9223,5.2659,3.7251,4.9959,3.8059,5.1331,3.5731,1,0,1,0
3.901,5.1248,3.861,0.46,0.9901,0.0748,-0.119,5.1393,3.9225,5.2677,3.7272,4.9962,3.806,5.1512,3.5948,1,1,1,0
3.9238,5.1329,3.8605,0.459,0.9904,0.0714,-0.1183,5.14,3.9226,5.269,3.7278,4.9966,3.8062,5.1687,3.6087,1,1,1,0
3.944,5.1412,3.8595,0.4584,0.9905,0.0669,-0.1201,5.1407,3.9227,5.2702,3.7275,4.9972,3.8062,5.1837,3.6144,1,1,1,0
3.9608,5.1496,3.8582,0.4581,0.9904,0.0618,-0.1234,5.1414,3.9227,5.2714,3.7273,4.9979,3.8062,5.1957,3.6127,1,1,1,0
3.9798,5.1582,3.8567,0.4582,0.9903,0.0566,-0.1271,5.142,3.9225,5.2726,3.7269,4.9987,3.8061,5.2053,3.6055,1,1,1,0
4.0005,5.167,3.8548,0.4589,0.9901,0.0518,-0.1303,5.1427,3.9222,5.2738,3.7265,4.9995,3.8059,5.2133,3.5952,1,1,1,0
4.0247,5.1759,3.8528,0.46,0.99,0.0475,-0.1325,5.1433,3.9219,5.275,3.7261,5.0005,3.8057,5.2207,3.5842,1,1,1,0
4.0419,5.1851,3.8507,0.4614,0.9901,0.044,-0.1334,5.1439,3.9215,5.2761,3.7258,5.0015,3.8054,5.2284,3.5743,1,1,1,0
4.0719,5.1946,3.8485,0.4632,0.9902,0.0412,-0.1332,5.1445,3.9211,5.2772,3.7254,5.0027,3.8052,5.2369,3.5662,1,1,1,0
4.0915,5.2044,3.8464,0.4653,0.9906,0.0393,-0.1313,5.1451,3.9208,5.2783,3.7251,5.0073,3.8082,5.2463,3.5594,1,1,1,0
4.1109,5.2146,3.8446,0.4674,0.991,0.0378,-0.1284,5.1457,3.9204,5.2793,3.7249,5.0138,3.8102,5.2562,3.5532,1,1,1,0
4.1328,5.2249,3.8434,0.4692,0.9914,0.0371,-0.1258,5.1463,3.9202,5.2804,3.7247,5.0204,3.8116,5.2673,3.5477,1,1,1,0
4.154,5.2351,3.843,0.4705,0.9915,0.0377,-0.1246,5.147,3.9201,5.2814,3.7246,5.0234,3.8114,5.2799,3.5423,1,1,1,0
4.1733,5.2452,3.8441,0.4713,0.9914,0.0412,-0.1239,5.1628,3.9161,5.2825,3.7248,5.0246,3.8112,5.294,3.5369,1,1,1,0
4.1941,5.255,3.8471,0.4716,0.9913,0.0474,-0.1227,5.2207,3.9148,5.2835,3.725,5.0401,3.8061,5.3076,3.5328,0,1,0,0
4.2207,5.2644,3.8517,0.4704,0.9904,0.0497,-0.1292,5.2689,3.9222,5.2845,3.7256,5.0813,3.8052,5.3162,3.5403,1,1,0,0
4.2442,5.2725,3.8566,0.4666,0.9883,0.0474,-0.1452,5.2774,3.926,5.3366,3.7277,5.1261,3.8082,5.3189,3.5506,1,0,0,0
4.266,5.2804,3.8589,0.4646,0.9862,0.0545,-0.1564,5.2762,3.9282,5.3847,3.7212,5.1584,3.8191,5.3176,3.5537,1,0,0,0
4.2876,5.2878,3.8575,0.4681,0.9862,0.0696,-0.1504,5.2756,3.9274,5.4233,3.7296,5.1768,3.8159,5.3197,3.5578,1,0,1,0
4.3054,5.296,3.855,0.4718,0.9865,0.0832,-0.1414,5.2749,3.9274,5.4357,3.7387,5.1774,3.8153,5.328,3.5692,1,1,1,0
4.3283,5.304,3.852,0.4746,0.9864,0.0918,-0.136,5.2749,3.927,5.4371,3.7385,5.178,3.8147,5.3389,3.5818,1,1,1,0
4.3484,5.3117,3.8488,0.4764,0.9863,0.0983,-0.1324,5.2766,3.9274,5.4382,3.7382,5.1785,3.8143,5.3506,3.5925,1,1,1,0
4.3653,5.3191,3.846,0.4771,0.9861,0.1025,-0.1306,5.2781,3.9278,5.4393,3.738,5.1791,3.814,5.3642,3.5998,1,1,1,0
4.39,5.3266,3.8434,0.4772,0.986,0.1046,-0.13,5.2786,3.9275,5.4403,3.7377,5.1796,3.8138,5.3793,3.6021,1,1,1,0
4.4142,5.3345,3.8411,0.4771,0.9859,0.1051,-0.1303,5.279,3.9273,5.4413,3.7374,5.1803,3.8137,5.3942,3.5996,1,1,1,0
4.4315,5.3429,3.8389,0.4772,0.9858,0.1048,-0.1309,5.2795,3.9271,5.4423,3.7371,5.181,3.8136,5.4075,3.5933,1,1,1,0
4.455,5.352,3.8369,0.4775,0.9858,0.1043,-0.1315,5.28,3.9269,5.4434,3.7368,5.1819,3.8135,5.4186,3.5844,1,1,1,0
4.4775,5.3615,3.8351,0.4781,0.9858,0.1038,-0.1319,5.2805,3.9267,5.4446,3.7366,5.183,3.8134,5.4278,3.5742,1,1,1,0
4.4953,5.3715,3.8336,0.479,0.9858,0.1034,-0.1322,5.2811,3.9264,5.4458,3.7364,5.1842,3.8133,5.4359,3.5637,1,1,1,0
4.5161,5.3816,3.8326,0.4799,0.9857,0.1036,-0.1326,5.2818,3.9263,5.4469,3.7362,5.1854,3.8133,5.4439,3.5532,1,1,1,0
4.5362,5.3916,3.8328,0.4807,0.9854,0.1048,-0.134,5.2851,3.9264,5.448,3.7362,5.1867,3.8133,5.4525,3.543,1,1,1,0
4.5508,5.4008,3.8343,0.4814,0.9848,0.1088,-0.1353,5.316,3.9249,5.449,3.7364,5.188,3.8133,5.4632,3.5337,0,1,1,0
4.5658,5.4097,3.8373,0.4824,0.9842,0.1131,-0.1362,5.3851,3.9258,5.4499,3.7369,5.1912,3.8129,5.4736,3.5282,0,1,1,0
4.5876,5.4181,3.8417,0.4838,0.9842,0.1116,-0.1373,5.4593,3.9286,5.4506,3.7375,5.2055,3.8122,5.4814,3.5316,0,1,1,0
4.6097,5.4264,3.8473,0.4832,0.9842,0.1036,-0.1434,5.4829,3.9266,5.4807,3.7352,5.2345,3.8201,5.4801,3.5361,1,0,0,0
4.6305,5.4335,3.852,0.4833,0.9854,0.0993,-0.1383,5.4836,3.9271,5.5362,3.7378,5.2603,3.821,5.4699,3.5449,1,0,1,0
4.6505,5.4397,3.8551,0.4829,0.9864,0.0986,-0.1318,5.4841,3.9274,5.5564,3.7386,5.2627,3.8221,5.4593,3.5567,1,0,1,0
4.6715,5.4455,3.8573,0.4823,0.9869,0.095,-0.1301,5.4846,3.9276,5.5572,3.7417,5.2632,3.8227,5.4553,3.5705,1,0,1,0
4.6903,5.4517,3.8586,0.4816,0.987,0.0901,-0.1332,5.4852,3.9277,5.5571,3.7438,5.2636,3.8233,5.4599,3.5844,1,1,1,0
4.7107,5.4582,3.8592,0.4809,0.9867,0.0838,-0.1394,5.4859,3.9276,5.5578,3.7438,5.2641,3.8239,5.471,3.5942,1,1,1,0
4.7311,5.4651,3.8593,0.4805,0.9862,0.0777,-0.1458,5.4865,3.9275,5.5585,3.7437,5.2647,3.8243,5.4856,3.598,1,1,1,0
4.7496,5.4723,3.8591,0.4803,0.9858,0.0728,-0.1513,5.4871,3.9273,5.5593,3.7436,5.2654,3.8245,5.5012,3.5968,1,1,1,0
4.7661,5.4799,3.8586,0.4806,0.9854,0.0691,-0.1553,5.4876,3.927,5.5601,3.7435,5.2661,3.8247,5.5165,3.5924,1,1,1,0
4.7857,5.4878,3.858,0.4814,0.9852,0.0665,-0.158,5.4881,3.9266,5.561,3.7434,5.2669,3.8248,5.5301,3.5868,1,1,1,0
4.8103,5.4959,3.8573,0.4826,0.985,0.0648,-0.1598,5.4886,3.9263,5.5618,3.7433,5.2677,3.8248,5.5416,3.5811,1,1,1,0
4.8272,5.5043,3.8568,0.4841,0.9849,0.0636,-0.161,5.4891,3.9259,5.5626,3.7432,5.2685,3.8249,5.5512,3.5757,1,1,1,0
4.8475,5.513,3.8564,0.4859,0.9848,0.0629,-0.1616,5.4895,3.9255,5.5634,3.7432,5.27,3.825,5.5594,3.5706,1,1,1,0
4.8683,5.5219,3.8565,0.4878,0.9848,0.0627,-0.1621,5.49,3.9253,5.5642,3.7432,5.2742,3.825,5.5666,3.5658,1,1,1,0
4.8865,5.531,3.8572,0.4896,0.9846,0.063,-0.1629,5.4905,3.9251,5.5651,3.7433,5.2865,3.8275,5.5728,3.5607,1,1,1,0
4.9089,5.5401,3.8588,0.4908,0.9841,0.064,-0.1655,5.4911,3.925,5.5659,3.7434,5.2993,3.8261,5.579,3.5559,1,1,1,0
4.9307,5.549,3.8618,0.4912,0.9837,0.0659,-0.1674,5.5247,3.9233,5.5667,3.7436,5.3226,3.8232,5.5878,3.552,1,1,0,0
4.9532,5.5571,3.866,0.49,0.9827,0.0668,-0.1726,5.5649,3.927,5.5676,3.744,5.3621,3.8223,5.5975,3.5535,0,1,0,0
4.9715,5.5622,3.8689,0.4888,0.981,0.0648,-0.1828,5.5701,3.9298,5.6043,3.744,5.4076,3.8215,5.6015,3.5589,1,0,0,0
5.0029,5.5659,3.8685,0.4911,0.9816,0.072,-0.177,5.5701,3.9294,5.6355,3.7476,5.4356,3.8127,5.5983,3.5577,1,1,0,0
5.0255,5.5711,3.8667,0.4932,0.9835,0.0829,-0.161,5.57,3.9287,5.6437,3.7477,5.4434,3.798,5.5932,3.5663,1,1,0,0
5.0443,5.5766,3.864,0.4942,0.9856,0.092,-0.1416,5.5701,3.9282,5.649,3.7483,5.4422,3.7918,5.5929,3.5776,1,1,1,0
5.0643,5.5822,3.8609,0.4944,0.9871,0.0966,-0.1273,5.5703,3.9278,5.6496,3.7479,5.4422,3.7916,5.5973,3.5901,1,1,1,0
5.0895,5.5878,3.8576,0.4941,0.9881,0.0985,-0.1179,5.5706,3.9274,5.6502,3.7475,5.4422,3.7914,5.6069,3.5983,1,1,1,0
5.1091,5.5936,3.8545,0.4937,0.9889,0.0987,-0.1111,5.571,3.927,5.6509,3.747,5.4423,3.7912,5.6208,3.5999,1,1,1,0
5.1332,5.6001,3.8518,0.4935,0.9896,0.0982,-0.1054,5.5714,3.9266,5.6516,3.7466,5.4425,3.7909,5.6373,3.596,1,1,1,0
5.1561,5.6074,3.8493,0.494,0.9902,0.0977,-0.1,5.5719,3.9262,5.6523,3.7462,5.4428,3.7906,5.6545,3.5889,1,1,1,0
5.173,5.6156,3.8472,0.4953,0.9907,0.0975,-0.0946,5.5723,3.9258,5.6531,3.7459,5.4433,3.7903,5.6708,3.5806,1,1,1,0
5.1934,5.6246,3.8456,0.4973,0.9912,0.0978,-0.0892,5.5729,3.9253,5.6539,3.7457,5.444,3.7898,5.6849,3.5719,1,1,1,0
5.2158,5.6342,3.8445,0.4998,0.9915,0.0988,-0.0844,5.5734,3.925,5.6546,3.7456,5.4448,3.7893,5.6965,3.5623,1,1,1,0
5.235,5.6442,3.8446,0.5023,0.9916,0.1006,-0.0814,5.5741,3.9248,5.6554,3.7457,5.4466,3.7889,5.7054,3.5507,1,1,1,0
5.2547,5.6539,3.8461,0.5045,0.9915,0.1044,-0.0776,5.6151,3.9213,5.6562,3.7459,5.4565,3.7831,5.7131,3.5374,1,1,0,0
5.2728,5.6632,3.8491,0.5056,0.9912,0.1076,-0.0771,5.6736,3.9244,5.6571,3.7463,5.4894,3.7874,5.7187,3.5287,0,1,0,0
5.2933,5.6716,3.8531,0.5038,0.9905,0.104,-0.0904,5.6896,3.9272,5.6975,3.744,5.5292,3.7991,5.7187,3.5354,1,1,0,0
5.3104,5.6802,3.8556,0.5028,0.9896,0.1022,-0.1012,5.6905,3.9277,5.7546,3.7408,5.5586,3.8129,5.7143,3.541,1,0,0,0
5.3315,5.6902,3.8559,0.5034,0.989,0.1053,-0.1039,5.6907,3.9283,5.8039,3.7353,5.5837,3.8155,5.709,3.5496,1,0,0,0
5.3529,5.7002,3.8547,0.5039,0.9889,0.1101,-0.1002,5.6912,3.9282,5.8409,3.74,5.5946,3.8111,5.7137,3.5605,1,0,1,0
5.3743,5.7094,3.8526,0.5038,0.9886,0.1115,-0.1014,5.6919,3.9279,5.8538,3.7468,5.5951,3.811,5.73,3.5775,1,1,1,0
5.3973,5.7179,3.8502,0.503,0.9882,0.1095,-0.1071,5.6925,3.9276,5.855,3.7464,5.5955,3.8109,5.7495,3.5921,1,1,1,0
5.4203,5.7263,3.848,0.5022,0.9878,0.1078,-0.1123,5.6932,3.9273,5.8561,3.746,5.596,3.8109,5.7684,3.5993,1,1,1,0
5.4387,5.7348,3.846,0.5016,0.9875,0.1065,-0.1165,5.6938,3.9271,5.8574,3.7457,5.5966,3.8109,5.786,3.5999,1,1,1,0
5.462,5.7438,3.8441,0.5012,0.9872,0.1057,-0.1194,5.6945,3.9268,5.8585,3.7455,5.5973,3.8108,5.8017,3.5957,1,1,1,0
5.4835,5.7531,3.8424,0.5013,0.987,0.1053,-0.1212,5.6951,3.9264,5.8598,3.7453,5.598,3.8108,5.8153,3.5885,1,1,1,0
5.5075,5.7628,3.8408,0.5018,0.9869,0.1055,-0.1219,5.6958,3.926,5.861,3.7452,5.5989,3.8108,5.8268,3.58,1,1,1,0
5.53,5.7729,3.8394,0.5026,0.9869,0.106,-0.1219,5.6965,3.9256,5.8621,3.7451,5.5999,3.8108,5.8371,3.5713,1,1,1,0
5.5528,5.7832,3.8384,0.5036,0.9869,0.107,-0.1211,5.6971,3.9254,5.8633,3.7452,5.6009,3.8108,5.8472,3.5628,1,1,1,0
5.571,5.7935,3.8382,0.5046,0.9868,0.1087,-0.1201,5.6978,3.9252,5.8645,3.7453,5.602,3.8109,5.8577,3.5546,1,1,1,0
5.5883,5.8036,3.839,0.5054,0.9866,0.1119,-0.1186,5.7141,3.9238,5.8656,3.7456,5.6032,3.811,5.8696,3.5463,1,1,1,0
5.6058,5.8132,3.8413,0.5062,0.9862,0.1171,-0.1168,5.7651,3.9228,5.8666,3.746,5.6044,3.8112,5.8823,3.5398,0,1,1,0
5.6226,5.8226,3.8452,0.507,0.9856,0.1217,-0.1173,5.8301,3.9276,5.8675,3.7467,5.6104,3.8092,5.8932,3.5374,0,1,1,0
5.6389,5.8323,3.8507,0.5067,0.9851,0.119,-0.1244,5.8918,3.9344,5.8684,3.7474,5.635,3.8115,5.899,3.5429,0,1,0,0
5.654,5.8422,3.8569,0.5038,0.9842,0.1099,-0.139,5.8951,3.9338,5.9147,3.7428,5.6695,3.8197,5.8931,3.5461,1,0,1,0
5.6695,5.8511,3.8615,0.5021,0.9832,0.1079,-0.1471,5.8961,3.9343,5.9649,3.7407,5.6886,3.8233,5.8796,3.5526,1,0,1,0
5.6862,5.8591,3.8642,0.5008,0.9825,0.1077,-0.1521,5.8969,3.9345,5.999,3.7452,5.6918,3.824,5.8734,3.5652,1,0,1,0
5.7034,5.867,3.8656,0.4998,0.9819,0.1055,-0.1572,5.8976,3.9346,6.0082,3.7547,5.6925,3.8245,5.8801,3.5826,1,0,1,0
5.721,5.8747,3.8658,0.4985,0.9811,0.0995,-0.1659,5.8984,3.9345,6.009,3.7553,5.6932,3.8248,5.8938,3.5981,1,1,1,0
5.7387,5.8826,3.8655,0.4975,0.9803,0.0934,-0.174,5.8992,3.9344,6.01,3.7551,5.6941,3.8251,5.9089,3.607,1,1,1,0
5.7552,5.8907,3.8649,0.4965,0.9795,0.0884,-0.1808,5.8999,3.9342,6.0111,3.7549,5.6949,3.8254,5.9242,3.6095,1,1,1,0
5.77,5.899,3.8642,0.4957,0.9789,0.0844,-0.1863,5.9006,3.9339,6.0121,3.7548,5.6957,3.8256,5.9388,3.6075,1,1,1,0
5.7848,5.9075,3.8633,0.4954,0.9783,0.0814,-0.1906,5.9013,3.9337,6.0132,3.7546,5.6966,3.8257,5.9517,3.603,1,1,1,0
5.8006,5.9163,3.8623,0.4954,0.9778,0.0791,-0.194,5.902,3.9334,6.0143,3.7545,5.6976,3.8258,5.9625,3.5976,1,1,1,0
5.8197,5.9251,3.8613,0.4958,0.9774,0.0773,-0.1968,5.9027,3.933,6.0154,3.7544,5.6987,3.8258,5.9719,3.5924,1,1,1,0
5.834,5.9341,3.8603,0.4965,0.9771,0.0755,-0.199,5.9033,3.9327,6.0164,3.7542,5.7025,3.8265,5.9803,3.5876,1,1,1,0
5.8534,5.9436,3.8595,0.4971,0.9773,0.0736,-0.1986,5.904,3.9325,6.0174,3.7541,5.7175,3.8319,5.988,3.5826,1,1,0,0
5.8764,5.9535,3.8591,0.4974,0.9781,0.0724,-0.1953,5.9046,3.9324,6.0185,3.754,5.7374,3.834,5.996,3.5777,1,1,0,0
5.8983,5.9632,3.859,0.4971,0.9786,0.0724,-0.1925,5.9053,3.9323,6.0195,3.7539,5.7539,3.8354,6.0054,3.5734,1,1,1,0
5.9186,5.9726,3.8595,0.4962,0.9788,0.0731,-0.1915,5.906,3.9323,6.0206,3.754,5.7639,3.8336,6.0173,3.5701,1,1,1,0
5.9371,5.9819,3.861,0.4949,0.9785,0.0746,-0.1923,5.9068,3.9325,6.0216,3.7541,5.771,3.83,6.0308,3.5675,1,1,1,0
5.9539,5.9911,3.8638,0.4933,0.9783,0.0786,-0.1914,5.9366,3.9286,6.0226,3.7543,5.782,3.8258,6.0454,3.5648,1,1,1,0
5.9707,6.0,3.8681,0.491,0.9782,0.0829,-0.1902,6.0036,3.9322,6.0236,3.7547,5.8098,3.8217,6.0577,3.5643,1,1,0,0
5.9885,6.0085,3.873,0.4862,0.9763,0.082,-0.2003,6.0099,3.9352,6.073,3.7516,5.8522,3.8228,6.0598,3.5697,1,0,0,0
6.0047,6.0178,3.8762,0.4821,0.9747,0.086,-0.2065,6.01,3.9368,6.1267,3.7449,5.8894,3.833,6.0563,3.5699,1,0,0,0
6.0216,6.0286,3.8775,0.4808,0.9744,0.0915,-0.2056,6.0101,3.9379,6.1743,3.7482,5.9084,3.8253,6.0563,3.5728,1,0,0,0
6.0402,6.0402,3.877,0.4811,0.9744,0.0964,-0.2031,6.0105,3.9382,6.2011,3.7586,5.9191,3.8161,6.0659,3.5821,1,0,0,0
6.0544,6.0513,3.8752,0.481,0.9739,0.0984,-0.2044,6.011,3.9381,6.2054,3.7615,5.9216,3.8155,6.082,3.5927,1,1,1,0
6.0706,6.0619,3.8729,0.4807,0.9732,0.0987,-0.2078,6.0116,3.9379,6.2068,3.7613,5.9223,3.8152,6.0974,3.6018,1,1,1,0
6.0878,6.072,3.8707,0.4801,0.9726,0.0992,-0.2101,6.0122,3.9376,6.2083,3.7611,5.923,3.815,6.1127,3.6062,1,1,1,0
6.106,6.0817,3.8686,0.4791,0.9724,0.0996,-0.2112,6.0128,3.9374,6.2096,3.7609,5.9237,3.8148,6.1285,3.607,1,1,1,0
6.1213,6.0913,3.8667,0.4781,0.9723,0.1002,-0.2111,6.0134,3.9372,6.211,3.7607,5.9243,3.8147,6.1439,3.6049,1,1,1,0
6.1438,6.1011,3.8649,0.4772,0.9725,0.101,-0.2101,6.0139,3.9371,6.2123,3.7605,5.9251,3.8146,6.1583,3.6005,1,1,1,0
6.1654,6.1112,3.8634,0.4765,0.9727,0.1021,-0.2083,6.0145,3.937,6.2137,3.7604,5.926,3.8145,6.1717,3.5946,1,1,1,0
6.1876,6.1215,3.8622,0.4761,0.9731,0.1037,-0.2057,6.0151,3.9368,6.215,3.7604,5.9269,3.8144,6.1847,3.5881,1,1,1,0
6.2086,6.1319,3.8619,0.4757,0.9735,0.1061,-0.2027,6.0158,3.9366,6.2163,3.7605,5.9279,3.8143,6.1975,3.5815,1,1,1,0
6.2304,6.1418,3.8628,0.4752,0.9738,0.1102,-0.1989,6.0274,3.9362,6.2176,3.7608,5.929,3.8144,6.2109,3.5749,1,1,1,0
6.2534,6.1508,3.8651,0.4748,0.9738,0.1181,-0.1942,6.0695,3.9385,6.2188,3.7612,5.9302,3.8142,6.2251,3.5693,0,1,1,0
6.2723,6.1591,3.8693,0.4743,0.9731,0.1252,-0.1932,6.1201,3.9455,6.2198,3.7618,5.9408,3.8117,6.236,3.5693,0,1,1,0
6.2911,6.1666,3.8748,0.473,0.9715,0.1273,-0.1999,6.1592,3.9523,6.2207,3.7625,5.9719,3.8135,6.2439,3.5791,0,1,0,0
6.309,6.1737,3.8798,0.4707,0.9687,0.1251,-0.2143,6.1603,3.9536,6.2622,3.763,6.0128,3.8208,6.2459,3.5854,1,0,0,0
6.3237,6.1831,3.8824,0.4705,0.9665,0.1271,-0.2228,6.1607,3.954,6.3002,3.7637,6.0487,3.83,6.241,3.5869,1,0,1,0
6.3487,6.1945,3.8825,0.4725,0.9651,0.132,-0.2263,6.161,3.9534,6.3299,3.7693,6.0663,3.8322,6.2377,3.5877,1,0,1,0
6.3716,6.2059,3.8809,0.475,0.9633,0.1351,-0.2318,6.1612,3.9527,6.332,3.7701,6.0738,3.8265,6.2426,3.5965,1,1,1,0
6.3953,6.2167,3.8788,0.4769,0.9621,0.1379,-0.2351,6.1616,3.9517,6.3334,3.7699,6.0769,3.8189,6.2557,3.6058,1,1,1,0
6.4192,6.2268,3.8769,0.4776,0.9618,0.1408,-0.2349,6.1628,3.9511,6.3347,3.7698,6.0787,3.813,6.275,3.6113,0,1,1,0
6.4413,6.2364,3.8753,0.4775,0.9617,0.1435,-0.2334,6.1634,3.9505,6.3359,3.7695,6.0795,3.8119,6.2966,3.6145,1,1,1,0
6.4569,6.2461,3.8741,0.4771,0.9618,0.1459,-0.2315,6.164,3.95,6.3371,3.7693,6.0799,3.8118,6.3166,3.615,1,1,1,0
6.4789,6.2562,3.8732,0.4769,0.962,0.1482,-0.2293,6.1647,3.9495,6.3383,3.7692,6.0804,3.8117,6.3333,3.6122,1,1,1,0
6.5006,6.2666,3.8729,0.4768,0.9621,0.1507,-0.2273,6.1654,3.9491,6.3395,3.7692,6.0811,3.8116,6.3474,3.6068,1,1,1,0
6.5193,6.2769,3.8734,0.4765,0.962,0.1536,-0.2257,6.1661,3.9489,6.3407,3.7693,6.0824,3.8106,6.3598,3.5994,1,1,1,0
6.5403,6.2867,3.8752,0.4762,0.9621,0.1593,-0.2213,6.2041,3.9461,6.3418,3.7695,6.0855,3.8079,6.3727,3.5898,1,1,1,0
6.5623,6.296,3.8786,0.4757,0.9622,0.1656,-0.2163,6.2819,3.9528,6.3429,3.7698,6.0977,3.8009,6.3847,3.583,0,1,1,0
6.5803,6.3053,3.8833,0.4733,0.9615,0.1638,-0.2205,6.3492,3.9628,6.3459,3.7686,6.1283,3.8055,6.3899,3.5847,1,1,0,0
6.6013,6.3143,3.8872,0.4722,0.962,0.1615,-0.2201,6.3501,3.9631,6.3967,3.7705,6.1625,3.8207,6.3865,3.5801,1,0,1,0
6.6228,6.3239,3.8896,0.4731,0.9634,0.163,-0.2126,6.3508,3.9632,6.4421,3.7717,6.1867,3.8252,6.3741,3.5825,1,0,1,0
6.6447,6.3333,3.8907,0.474,0.9645,0.1667,-0.2046,6.3515,3.9632,6.4731,3.7789,6.1965,3.8206,6.3667,3.5917,1,0,1,0
6.6654,6.3422,3.8908,0.4743,0.9648,0.1702,-0.2005,6.352,3.9632,6.4873,3.7891,6.1967,3.8204,6.3713,3.6105,1,0,1,0
6.6875,6.3509,3.8902,0.4738,0.9645,0.17,-0.202,6.3526,3.9632,6.488,3.791,6.197,3.8202,6.384,3.6298,1,1,1,0
6.7101,6.3594,3.8892,0.4727,0.9643,0.1677,-0.2048,6.3533,3.9631,6.4892,3.7908,6.1972,3.82,6.399,3.6421,1,1,1,0
6.7307,6.3678,3.8883,0.4714,0.9642,0.1654,-0.2073,6.3542,3.963,6.4904,3.7907,6.1975,3.82,6.4153,3.6459,1,1,1,0
6.748,6.3764,3.8873,0.4701,0.9642,0.1635,-0.2088,6.3548,3.963,6.4915,3.7905,6.1979,3.8199,6.4317,3.643,1,1,1,0
6.7662,6.3851,3.8864,0.4693,0.9643,0.1625,-0.209,6.3555,3.9629,6.4926,3.7904,6.1983,3.8198,6.4474,3.6362,1,1,1,0
6.78,6.3942,3.8855,0.469,0.9646,0.1623,-0.2078,6.356,3.9628,6.4938,3.7903,6.1987,3.8197,6.4617,3.6284,1,1,1,0
6.7937,6.4035,3.8848,0.4693,0.965,0.1628,-0.2056,6.3566,3.9626,6.4949,3.7903,6.2,3.8194,6.4744,3.6216,1,1,1,0
6.8074,6.4131,3.8843,0.4699,0.9655,0.1635,-0.2027,6.3572,3.9624,6.496,3.7902,6.2033,3.8187,6.4859,3.6158,1,1,1,0
6.8216,6.423,3.8842,0.4706,0.9661,0.1642,-0.1992,6.3578,3.9622,6.4971,3.7903,6.2103,3.817,6.4965,3.6109,1,1,1,0
6.8378,6.4329,3.8847,0.4711,0.9666,0.1654,-0.1958,6.3585,3.9621,6.4982,3.7904,6.2205,3.8133,6.5069,3.6062,1,1,1,0
6.8515,6.4425,3.886,0.4709,0.9668,0.1672,-0.1932,6.3593,3.9621,6.4992,3.7906,6.233,3.8077,6.5179,3.6015,1,1,1,0
6.8697,6.4515,3.8882,0.47,0.9669,0.1709,-0.1896,6.3786,3.9608,6.5002,3.7909,6.2477,3.7971,6.5311,3.5976,1,1,1,0
6.8913,6.4595,3.8913,0.4681,0.9664,0.176,-0.1872,6.4147,3.962,6.5012,3.7912,6.2748,3.7939,6.5446,3.5965,1,1,0,0
6.9139,6.4662,3.8953,0.4641,0.9647,0.1812,-0.191,6.4694,3.9755,6.5022,3.7915,6.3147,3.8055,6.5552,3.6027,1,1,0,0
6.9384,6.4733,3.8983,0.4596,0.9627,0.1837,-0.1989,6.4704,3.9774,6.5574,3.7924,6.3496,3.8235,6.5563,3.6068,1,0,0,0
6.9579,6.4831,3.8989,0.4581,0.9612,0.1901,-0.1997,6.4702,3.9778,6.6007,3.7859,6.3689,3.8346,6.5503,3.604,1,0,1,0
6.9749,6.4941,3.8973,0.4587,0.9604,0.1972,-0.197,6.4705,3.9774,6.6345,3.7896,6.3743,3.8331,6.5472,3.6129,1,0,1,0
6.9956,6.5046,3.8943,0.4591,0.9591,0.2016,-0.1984,6.471,3.9765,6.6424,3.7937,6.3748,3.8326,6.5548,3.6289,1,1,1,0
7.0167,6.5141,3.8912,0.4588,0.9582,0.2019,-0.2028,6.4716,3.9755,6.6436,3.7934,6.3752,3.8321,6.5668,3.6411,1,1,1,0
7.0381,6.5231,3.8885,0.4584,0.9575,0.2021,-0.2058,6.4721,3.9748,6.6447,3.7931,6.3756,3.8318,6.5809,3.6459,1,1,1,0
7.0592,6.532,3.8864,0.4577,0.9571,0.2019,-0.2078,6.4727,3.9741,6.6459,3.7928,6.376,3.8315,6.5968,3.6453,1,1,1,0
7.0786,6.541,3.8846,0.457,0.9569,0.2016,-0.209,6.4734,3.9736,6.647,3.7926,6.3765,3.8313,6.613,3.6413,1,1,1,0
7.1008,6.5504,3.883,0.4564,0.9568,0.2014,-0.2096,6.474,3.9731,6.6482,3.7925,6.3771,3.8311,6.628,3.6349,1,1,1,0
7.1226,6.5601,3.8817,0.4561,0.9568,0.2015,-0.2096,6.4746,3.9727,6.6493,3.7923,6.3777,3.8309,6.6412,3.6277,1,1,1,0
7.1425,6.5701,3.8807,0.4561,0.9568,0.2018,-0.2095,6.4752,3.9724,6.6505,3.7922,6.3784,3.8308,6.6528,3.6203,1,1,1,0
7.1656,6.5803,3.8803,0.4562,0.9567,0.2022,-0.2095,6.4759,3.972,6.6516,3.7922,6.3793,3.8305,6.6632,3.6131,1,1,1,0
7.19,6.5902,3.8807,0.4562,0.9564,0.2032,-0.21,6.4785,3.9719,6.6528,3.7924,6.3804,3.83,6.6731,3.6056,1,1,1,0
7.2074,6.5998,3.8822,0.4564,0.956,0.2056,-0.2095,6.5049,3.9706,6.6538,3.7926,6.3825,3.8279,6.6837,3.5974,1,1,1,0
7.2243,6.6091,3.885,0.4569,0.9555,0.2084,-0.2088,6.5559,3.9716,6.6547,3.7929,6.3908,3.8223,6.6944,3.5907,0,1,1,0
7.2413,6.6183,3.8891,0.457,0.955,0.2093,-0.2103,6.6241,3.9783,6.6556,3.7934,6.4136,3.8187,6.7036,3.5915,0,1,0,0
7.2705,6.6273,3.8944,0.4552,0.9542,0.2049,-0.2182,6.6717,3.9836,6.6565,3.7939,6.4515,3.8253,6.7076,3.5931,0,1,0,0
7.2937,6.6364,3.8983,0.4547,0.9545,0.2017,-0.2197,6.6721,3.9839,6.7099,3.7954,6.4913,3.8357,6.6991,3.5882,1,0,0,0
7.3138,6.6463,3.9005,0.4552,0.956,0.203,-0.2118,6.6728,3.9839,6.7614,3.7936,6.5269,3.8436,6.6812,3.59,1,0,0,0
7.3273,6.6562,3.9016,0.455,0.9575,0.2072,-0.2007,6.6736,3.9838,6.7998,3.7977,6.543,3.8441,6.6679,3.6021,1,0,1,0
7.3412,6.6656,3.9015,0.4538,0.9583,0.2112,-0.1925,6.6743,3.9837,6.8201,3.8075,6.5431,3.844,6.6683,3.6158,1,0,1,0
7.3558,6.6746,3.9007,0.4517,0.958,0.2116,-0.1934,6.675,3.9836,6.8246,3.8171,6.5434,3.844,6.6829,3.6279,1,0,1,0
7.3719,6.6832,3.8995,0.449,0.957,0.2079,-0.2025,6.676,3.9833,6.8237,3.8181,6.5438,3.8439,6.706,3.6405,1,1,1,0
7.3894,6.692,3.8986,0.4464,0.956,0.2041,-0.2105,6.6769,3.9831,6.8247,3.8179,6.5443,3.8439,6.7296,3.6479,1,1,1,0
7.4111,6.7009,3.8981,0.4441,0.9552,0.2018,-0.2163,6.6778,3.983,6.8258,3.8177,6.5448,3.8439,6.7516,3.6498,1,1,1,0
7.4331,6.7101,3.8977,0.442,0.9546,0.2006,-0.2201,6.6786,3.9828,6.8269,3.8177,6.5454,3.8439,6.7711,3.6478,1,1,1,0
7.456,6.7195,3.8976,0.4403,0.9542,0.2004,-0.2221,6.6794,3.9826,6.8281,3.8178,6.546,3.8439,6.788,3.6437,1,1,1,0
7.4781,6.7291,3.8977,0.439,0.954,0.2008,-0.2227,6.6801,3.9825,6.8293,3.8179,6.5466,3.8438,6.8022,3.6391,1,1,1,0
7.4999,6.739,3.8981,0.438,0.9539,0.2017,-0.2224,6.6808,3.9823,6.8304,3.818,6.5473,3.8438,6.8144,3.6348,1,1,1,0
7.5215,6.7488,3.8988,0.4373,0.9538,0.2029,-0.2215,6.6815,3.9822,6.8316,3.8182,6.5482,3.8438,6.8254,3.631,1,1,1,0
7.5434,6.7586,3.9,0.4366,0.9537,0.2043,-0.2206,6.6822,3.9821,6.8327,3.8185,6.5493,3.8435,6.8356,3.6273,1,1,1,0
7.5678,6.7681,3.9021,0.4359,0.9534,0.2063,-0.22,6.6924,3.9829,6.8337,3.8188,6.5513,3.8425,6.8456,3.623,1,1,1,0
7.5912,6.7772,3.9052,0.4352,0.9532,0.2086,-0.2189,6.7262,3.9844,6.8347,3.8193,6.5571,3.8391,6.8556,3.6185,1,1,1,0
7.6109,6.7862,3.9093,0.4341,0.9532,0.2102,-0.2171,6.7857,3.9913,6.8356,3.8198,6.5765,3.836,6.8653,3.6164,0,1,0,0
7.6305,6.7948,3.9145,0.4315,0.9527,0.2079,-0.2215,6.8063,3.9947,6.8395,3.8186,6.6097,3.8396,6.8691,3.616,1,1,0,0
7.649,6.8033,3.9186,0.4292,0.9518,0.2053,-0.2277,6.807,3.9953,6.8819,3.8237,6.6421,3.8524,6.8648,3.6188,1,0,0,0
7.6654,6.8129,3.921,0.4279,0.9516,0.2055,-0.2286,6.8077,3.9954,6.9245,3.8258,6.674,3.861,6.8542,3.6232,1,0,1,0
7.693,6.823,3.9219,0.4267,0.9514,0.2077,-0.2273,6.8084,3.9953,6.9553,3.8317,6.6911,3.8671,6.8458,3.6329,1,0,1,0
7.7147,6.8332,3.9215,0.4248,0.9502,0.211,-0.2295,6.8092,3.9951,6.967,3.8414,6.6924,3.8673,6.8482,3.6517,1,0,1,0
7.7426,6.8428,3.9201,0.4222,0.9487,0.2106,-0.2358,6.81,3.9948,6.9657,3.8432,6.6931,3.8671,6.8606,3.6688,1,1,1,0
7.7654,6.8519,3.9187,0.4195,0.9482,0.2087,-0.2396,6.8108,3.9945,6.9668,3.8429,6.6936,3.8671,6.8779,3.6755,1,1,1,0
7.7882,6.8607,3.9176,0.4167,0.948,0.2072,-0.2415,6.8115,3.9943,6.9678,3.8426,6.6941,3.8671,6.8979,3.6737,1,1,1,0
7.8093,6.8694,3.9169,0.4142,0.948,0.2065,-0.2421,6.8122,3.994,6.9689,3.8424,6.6947,3.8671,6.9188,3.6679,1,1,1,0
7.8294,6.8785,3.9163,0.4123,0.9481,0.2067,-0.2414,6.8129,3.9938,6.97,3.8423,6.6953,3.8672,6.9384,3.6604,1,1,1,0
7.8514,6.888,3.9161,0.4111,0.9483,0.2079,-0.2397,6.8135,3.9935,6.9712,3.8423,6.696,3.8672,6.9552,3.6529,1,1,1,0
7.8733,6.8978,3.9164,0.4105,0.9485,0.2098,-0.2373,6.8141,3.9933,6.9723,3.8423,6.6969,3.8671,6.9693,3.6458,1,1,1,0
7.895,6.9075,3.9175,0.4101,0.9485,0.2124,-0.2351,6.8148,3.9931,6.9734,3.8424,6.6979,3.8671,6.9813,3.6392,1,1,1,0
7.9165,6.9166,3.9195,0.4099,0.9484,0.2163,-0.2319,6.8494,3.9954,6.9744,3.8426,6.6991,3.8669,6.993,3.6322,1,1,1,0
7.938,6.9256,3.9229,0.41,0.9482,0.2198,-0.2294,6.9009,4.0013,6.9754,3.8429,6.7029,3.8654,7.0038,3.6279,0,1,1,0
7.951,6.9347,3.9275,0.4097,0.9483,0.2197,-0.2292,6.9565,4.0095,6.9763,3.8434,6.7206,3.8653,7.0115,3.6291,1,1,0,0
7.9646,6.9434,3.933,0.4081,0.9478,0.2181,-0.2326,6.9586,4.0096,6.9772,3.8441,6.7529,3.8731,7.0132,3.6309,1,1,0,0
7.982,6.952,3.9379,0.4061,0.9474,0.216,-0.2364,6.9594,4.0102,7.0173,3.8482,6.7885,3.8811,7.0077,3.6334,1,0,0,0
8.0038,6.9615,3.9413,0.4046,0.9475,0.2166,-0.2353,6.9602,4.0105,7.0659,3.8512,6.8235,3.8856,6.9966,3.6396,1,0,0,0
8.0263,6.9717,3.9433,0.4029,0.9482,0.2202,-0.2291,6.9609,4.0107,7.1033,3.8569,6.8515,3.8898,6.9888,3.6498,1,0,1,0
8.0476,6.9818,3.9439,0.4008,0.9481,0.2245,-0.2252,6.9616,4.0108,7.1244,3.8646,6.855,3.8906,6.9918,3.6679,1,0,1,0
8.0757,6.9914,3.9434,0.3982,0.9472,0.2255,-0.2278,6.9623,4.0107,7.1259,3.8665,6.8555,3.8904,7.0054,3.6893,1,1,1,0
8.0988,7.0005,3.9425,0.3955,0.9469,0.2243,-0.2306,6.9632,4.0107,7.1272,3.8665,6.8559,3.8904,7.0246,3.7019,1,1,1,0
8.1196,7.0091,3.942,0.3928,0.9469,0.2232,-0.2316,6.964,4.0106,7.1283,3.8665,6.8563,3.8903,7.0465,3.7041,1,1,1,0
8.1382,7.0177,3.9417,0.3904,0.947,0.2229,-0.2313,6.9648,4.0106,7.1295,3.8665,6.8567,3.8903,7.0691,3.7001,1,1,1,0
8.154,7.0267,3.9417,0.3886,0.9472,0.2236,-0.2297,6.9655,4.0104,7.1307,3.8666,6.8572,3.8903,7.0907,3.6928,1,1,1,0
8.1708,7.0362,3.942,0.3875,0.9475,0.2254,-0.2269,6.9661,4.0102,7.1319,3.8668,6.8579,3.8902,7.1096,3.6845,1,1,1,0
8.1923,7.046,3.9428,0.3871,0.9477,0.2282,-0.223,6.9667,4.01,7.1331,3.8671,6.8588,3.89,7.1256,3.6764,1,1,1,0
8.2089,7.056,3.9442,0.387,0.9479,0.2315,-0.2189,6.9673,4.0098,7.1342,3.8674,6.8603,3.8888,7.1394,3.6692,1,1,1,0
8.2259,7.0656,3.9466,0.387,0.9479,0.2356,-0.2143,6.9928,4.0126,7.1353,3.8678,6.8644,3.8851,7.1526,3.6624,1,1,1,0
8.2479,7.0749,3.9503,0.3868,0.9481,0.2394,-0.2091,7.056,4.0233,7.1363,3.8683,6.8763,3.8797,7.1653,3.6584,0,1,1,0
8.2675,7.0839,3.9551,0.3855,0.9481,0.2396,-0.209,7.0956,4.0323,7.1372,3.869,6.9024,3.8801,7.1735,3.6601,1,1,0,0
8.2853,7.0927,3.9597,0.3833,0.9477,0.2381,-0.2124,7.0966,4.033,7.1745,3.8705,6.9375,3.8906,7.1736,3.6622,1,0,0,0
8.3009,7.1023,3.9629,0.3818,0.9477,0.2391,-0.2115,7.0974,4.0334,7.2203,3.8731,6.973,3.899,7.1663,3.6669,1,0,0,0
8.3168,7.1125,3.9647,0.3804,0.9478,0.2428,-0.2068,7.0981,4.0336,7.2543,3.8789,6.9922,3.9045,7.1608,3.674,1,0,1,0
8.3332,7.1225,3.9651,0.3788,0.9469,0.2473,-0.2054,7.0988,4.0336,7.2713,3.8882,6.9926,3.9045,7.1641,3.6893,1,0,1,0
8.3477,7.1327,3.9646,0.3765,0.9454,0.2502,-0.209,7.0996,4.0335,7.2667,3.8982,6.9931,3.9044,7.1761,3.706,1,0,1,0
8.3628,7.1425,3.9638,0.3735,0.9439,0.2506,-0.2149,7.1005,4.0333,7.2631,3.8995,6.9937,3.9043,7.1922,3.7149,1,1,1,0
8.3782,7.1521,3.9631,0.3707,0.943,0.251,-0.2183,7.1014,4.0331,7.264,3.8994,6.9943,3.9043,7.2083,3.7163,1,1,1,0
8.395,7.1613,3.9628,0.3679,0.9423,0.2518,-0.2206,7.1021,4.033,7.265,3.8995,6.9948,3.9044,7.2252,3.7125,1,1,1,0
8.4126,7.1705,3.963,0.3655,0.9417,0.2529,-0.2218,7.1029,4.0329,7.266,3.8996,6.9954,3.9045,7.2422,3.7068,1,1,1,0
8.4298,7.1798,3.9637,0.3637,0.9412,0.2545,-0.2221,7.1036,4.0328,7.267,3.8998,6.9961,3.9046,7.258,3.7005,1,1,1,0
8.4475,7.189,3.9651,0.3622,0.9406,0.2567,-0.2221,7.1043,4.0328,7.268,3.9002,6.9969,3.9047,7.2721,3.6941,1,1,1,0
8.4657,7.1979,3.9673,0.361,0.9399,0.2598,-0.2214,7.1263,4.0353,7.2689,3.9006,6.9978,3.9049,7.2845,3.6875,1,1,1,0
8.4835,7.2064,3.9706,0.36,0.9392,0.2631,-0.2205,7.1792,4.0431,7.2698,3.9011,6.9987,3.9052,7.2953,3.6819,0,1,1,0
8.5015,7.2148,3.975,0.3588,0.9387,0.2636,-0.2221,7.2356,4.0526,7.2706,3.9017,7.0036,3.9047,7.3022,3.6804,0,1,1,0
8.5188,7.2233,3.9806,0.3561,0.9382,0.2589,-0.2296,7.2562,4.0533,7.2715,3.9023,7.0247,3.9135,7.3001,3.6803,1,1,1,0
8.5355,7.2313,3.9859,0.3533,0.9372,0.2565,-0.2364,7.2565,4.0543,7.2947,3.9062,7.0489,3.9207,7.2906,3.6865,1,0,1,0
8.5521,7.2393,3.9901,0.3509,0.9362,0.2542,-0.2426,7.2575,4.0547,7.3374,3.912,7.0664,3.921,7.2747,3.6958,1,0,1,0
8.5759,7.2477,3.9929,0.3485,0.9355,0.253,-0.2465,7.2585,4.0549,7.3708,3.9163,7.0804,3.9229,7.2604,3.7043,1,0,1,1
8.6036,7.2562,3.994,0.3457,0.9352,0.2533,-0.2475,7.2593,4.0548,7.3857,3.9214,7.083,3.9239,7.2658,3.7086,1,0,1,0
8.6224,7.2649,3.9942,0.3427,0.9341,0.2518,-0.2531,7.2602,4.0548,7.3815,3.9268,7.0837,3.9241,7.2783,3.7159,1,0,1,0
8.6376,7.2737,3.9936,0.3395,0.933,0.2478,-0.261,7.2611,4.0547,7.3778,3.9271,7.0845,3.9242,7.2976,3.7203,1,1,1,0
8.6518,7.2825,3.993,0.337,0.9326,0.2447,-0.2654,7.2619,4.0545,7.3787,3.927,7.0852,3.9242,7.3183,3.7216,1,1,1,0
8.6667,7.2915,3.9926,0.3351,0.9325,0.2435,-0.2668,7.2626,4.0542,7.3797,3.9269,7.086,3.9243,7.3377,3.7209,1,1,1,0
8.6812,7.3006,3.9927,0.3337,0.9325,0.2436,-0.2666,7.2633,4.054,7.3807,3.9269,7.0868,3.9244,7.3549,3.7191,1,1,1,0
8.6986,7.3098,3.9932,0.3328,0.9326,0.2445,-0.2656,7.264,4.0538,7.3818,3.927,7.0878,3.9245,7.3696,3.7168,1,1,1,0
8.7181,7.3189,3.9943,0.3321,0.9324,0.246,-0.2647,7.2646,4.0536,7.3828,3.9272,7.0901,3.9251,7.3819,3.714,1,1,1,0
8.7386,7.3276,3.9964,0.3313,0.9321,0.2477,-0.2642,7.2942,4.06,7.3837,3.9274,7.0945,3.9257,7.3926,3.7103,0,1,1,0
8.7588,7.3362,3.9996,0.3303,0.9316,0.2486,-0.2652,7.3392,4.0698,7.3846,3.9278,7.1002,3.9257,7.4016,3.7077,0,1,1,0
8.7786,7.3447,4.0038,0.3287,0.9309,0.2473,-0.2688,7.3722,4.0748,7.3855,3.9282,7.1158,3.9325,7.4061,3.706,0,1,1,0
8.7991,7.3531,4.0083,0.3267,0.9298,0.2452,-0.2744,7.3723,4.0754,7.3864,3.9287,7.1433,3.9436,7.4028,3.7056,1,1,0,0
8.8175,7.3613,4.0123,0.3247,0.9285,0.243,-0.2809,7.3731,4.0757,7.42,3.9341,7.1667,3.9508,7.3921,3.7118,1,0,0,0
8.8353,7.37,4.0153,0.3223,0.9278,0.241,-0.2847,7.3739,4.0759,7.4619,3.9388,7.1918,3.9556,7.3763,3.7203,1,0,0,1
8.8535,7.3792,4.017,0.3188,0.9292,0.2407,-0.2803,7.3747,4.076,7.4943,3.9433,7.2188,3.9571,7.376,3.7207,1,0,0,1
8.8716,7.3885,4.018,0.3147,0.9306,0.2399,-0.2766,7.3755,4.076,7.518,3.9449,7.2447,3.9606,7.3759,3.7207,1,0,1,1
8.8941,7.398,4.0183,0.3102,0.9301,0.2387,-0.2791,7.3764,4.076,7.5327,3.9438,7.2507,3.9596,7.3759,3.7206,1,0,1,1
8.9178,7.4075,4.0175,0.3057,0.9288,0.2361,-0.2858,7.3773,4.0759,7.5329,3.943,7.2517,3.9596,7.3834,3.7224,1,1,1,0
8.9435,7.4167,4.0165,0.3018,0.9284,0.2325,-0.2899,7.3781,4.0757,7.5342,3.9426,7.252,3.9595,7.4032,3.7229,1,1,1,0
8.9627,7.4257,4.0159,0.2987,0.929,0.231,-0.2892,7.3788,4.0755,7.5354,3.9424,7.2524,3.9593,7.4313,3.7229,1,1,1,0
8.9811,7.4348,4.0158,0.2962,0.93,0.2318,-0.2854,7.3795,4.0754,7.5367,3.9423,7.2528,3.9592,7.462,3.7249,1,1,1,0
8.9993,7.444,4.0162,0.2942,0.9311,0.2341,-0.2798,7.3801,4.0752,7.5378,3.9424,7.2538,3.9586,7.491,3.7286,1,1,1,0
9.0192,7.4537,4.0173,0.2928,0.9323,0.2373,-0.2728,7.3807,4.0751,7.539,3.9426,7.2571,3.9555,7.5159,3.7327,1,1,1,0
9.0411,7.4636,4.0189,0.2916,0.9335,0.2413,-0.2653,7.3813,4.075,7.5401,3.9428,7.2634,3.9498,7.537,3.736,1,1,1,0
9.0632,7.4733,4.0214,0.2901,0.9343,0.246,-0.2581,7.3853,4.0759,7.5412,3.9432,7.2755,3.9406,7.5558,3.7375,1,1,1,0
9.0871,7.4825,4.0248,0.2877,0.9351,0.2523,-0.2488,7.4418,4.0873,7.5422,3.9436,7.299,3.929,7.5736,3.737,0,1,0,0
9.1103,7.491,4.0291,0.2834,0.9346,0.2557,-0.2472,7.4747,4.0983,7.5432,3.944,7.328,3.9299,7.5854,3.7393,1,1,0,0
9.1295,7.4995,4.0332,0.2787,0.9323,0.2572,-0.2543,7.4756,4.0991,7.5853,3.945,7.343,3.9399,7.587,3.7429,1,0,0,0
9.1474,7.5097,4.0358,0.2753,0.929,0.26,-0.2635,7.4765,4.0994,7.6288,3.9465,7.3564,3.9486,7.5813,3.7502,1,0,0,0
9.1653,7.5212,4.0368,0.2727,0.9265,0.2634,-0.2686,7.4774,4.0993,7.6532,3.9535,7.372,3.9594,7.5826,3.7585,1,1,0,0
9.1892,7.5322,4.0369,0.2703,0.9261,0.2627,-0.2708,7.4783,4.0991,7.6549,3.9537,7.383,3.9583,7.5934,3.7664,1,1,0,0
9.2138,7.5427,4.0371,0.2679,0.9266,0.2635,-0.2684,7.4791,4.0989,7.6563,3.9537,7.3914,3.9515,7.6097,3.7708,1,1,0,0
9.2336,7.5525,4.0376,0.2652,0.9272,0.2654,-0.2643,7.4798,4.0988,7.6577,3.9539,7.3941,3.95,7.6294,3.772,1,1,1,0
9.2569,7.5621,4.0385,0.2627,0.9275,0.2679,-0.2606,7.4806,4.0988,7.6589,3.954,7.3944,3.9501,7.6494,3.7727,1,1,1,0
9.2781,7.5721,4.0397,0.2608,0.9279,0.271,-0.2562,7.4813,4.0987,7.6602,3.9542,7.3948,3.9503,7.6678,3.7724,1,1,1,0
9.2966,7.5824,4.0415,0.2595,0.9281,0.2747,-0.2514,7.482,4.0986,7.6614,3.9545,7.3957,3.9503,7.6842,3.7709,1,1,1,0
9.3211,7.5926,4.0442,0.2583,0.9278,0.2793,-0.2475,7.4828,4.0987,7.6625,3.9549,7.3981,3.9496,7.6995,3.7679,1,1,1,0
9.3425,7.6021,4.0481,0.2571,0.9273,0.2868,-0.2407,7.5386,4.1062,7.6635,3.9554,7.4062,3.9459,7.7155,3.7634,0,1,1,0
9.3647,7.6113,4.0535,0.2551,0.927,0.2915,-0.2359,7.6238,4.1295,7.6644,3.9561,7.4342,3.9503,7.7278,3.763,0,1,1,0
9.3862,7.6201,4.0598,0.2504,0.9257,0.2886,-0.2443,7.6515,4.1397,7.7124,3.9577,7.4635,3.957,7.7264,3.7618,1,0,0,0
9.4083,7.629,4.0648,0.2474,0.9247,0.2905,-0.246,7.6524,4.1403,7.7604,3.9617,7.494,3.9745,7.7185,3.7636,1,0,1,0
9.4257,7.6382,4.0682,0.2459,0.9252,0.2938,-0.2402,7.6532,4.1405,7.7947,3.9708,7.51,3.9813,7.7153,3.7713,1,0,1,0
9.4448,7.6475,4.0702,0.2449,0.9257,0.2969,-0.2346,7.6541,4.1406,7.8126,3.9817,7.5122,3.9819,7.721,3.7886,1,0,1,0
9.4654,7.6569,4.0714,0.2436,0.9256,0.2985,-0.2325,7.655,4.1405,7.8144,3.9909,7.5126,3.9819,7.7323,3.8095,1,0,1,0
9.4874,7.6662,4.072,0.2422,0.9256,0.2968,-0.2347,7.6559,4.1403,7.8155,3.9911,7.5131,3.9819,7.7445,3.8252,1,1,1,0
9.5089,7.6754,4.0724,0.2407,0.9257,0.2952,-0.2366,7.6567,4.1402,7.8167,3.9911,7.5137,3.982,7.7559,3.8336,1,1,1,0
9.5304,7.6844,4.0728,0.239,0.9258,0.2937,-0.2381,7.6576,4.1401,7.8179,3.9911,7.5143,3.982,7.7685,3.8355,1,1,1,0
9.5528,7.6933,4.0732,0.2375,0.9259,0.2924,-0.239,7.6584,4.1399,7.8191,3.9911,7.5149,3.9821,7.7823,3.8331,1,1,1,0
9.5738,7.7025,4.0737,0.2364,0.9261,0.2918,-0.2389,7.6592,4.1397,7.8203,3.9912,7.5156,3.9822,7.7963,3.8288,1,1,1,0
9.5947,7.7118,4.0743,0.2358,0.9263,0.2918,-0.2382,7.6599,4.1395,7.8214,3.9913,7.5168,3.9825,7.8096,3.8242,1,1,1,0
9.6175,7.7213,4.0752,0.2356,0.9266,0.292,-0.2368,7.6607,4.1393,7.8225,3.9915,7.5204,3.9838,7.8221,3.8202,1,1,1,0
9.6384,7.7311,4.0764,0.2357,0.927,0.2923,-0.2349,7.6614,4.1391,7.8237,3.9917,7.5279,3.9852,7.8337,3.817,1,1,1,0
9.6603,7.7411,4.078,0.2358,0.9274,0.2929,-0.2329,7.6621,4.139,7.8248,3.992,7.5389,3.988,7.8452,3.8142,1,1,1,0
9.6824,7.7509,4.0803,0.2357,0.9272,0.2942,-0.2319,7.6629,4.139,7.8258,3.9923,7.5483,3.9899,7.857,3.8117,1,1,1,0
9.7036,7.7602,4.0833,0.2351,0.9264,0.2963,-0.2323,7.6711,4.1401,7.8269,3.9927,7.5552,3.9886,7.8701,3.8096,1,1,1,0
9.7248,7.7691,4.0876,0.2343,0.9255,0.2999,-0.2313,7.7198,4.1469,7.8278,3.9933,7.5662,3.9874,7.8844,3.8077,0,1,1,0
9.748,7.7777,4.0932,0.2327,0.925,0.302,-0.2307,7.7931,4.1654,7.8288,3.9939,7.5918,3.9931,7.8961,3.8083,0,1,1,0
9.7695,7.786,4.0998,0.2283,0.9239,0.2971,-0.2411,7.8189,4.174,7.8698,3.9958,7.6248,4.0041,7.8964,3.8058,1,0,0,0
9.7908,7.7943,4.1054,0.2246,0.9227,0.2974,-0.2454,7.82,4.1748,7.9215,4.0022,7.6592,4.0187,7.8882,3.8061,1,0,0,0
9.8112,7.8031,4.1097,0.2221,0.9231,0.3009,-0.2397,7.8211,4.1753,7.9613,4.0121,7.6893,4.0287,7.8837,3.813,1,0,1,0
9.8299,7.812,4.1129,0.2199,0.9238,0.3051,-0.2312,7.8219,4.1758,7.9873,4.0233,7.6977,4.0332,7.8886,3.8293,1,0,1,0
9.8463,7.8211,4.1153,0.218,0.9242,0.3079,-0.2259,7.8229,4.1759,8.0004,4.035,7.6979,4.0334,7.9005,3.8532,1,0,1,0
9.8621,7.8305,4.1172,0.2162,0.9239,0.3096,-0.2249,7.8239,4.176,8.0023,4.0447,7.6984,4.0335,7.9147,3.8741,1,0,1,0
9.8783,7.8405,4.1187,0.214,0.9227,0.3108,-0.2281,7.8249,4.1761,7.9974,4.0525,7.6991,4.0335,7.9279,3.8867,1,0,1,0
9.8948,7.8505,4.1198,0.2119,0.9217,0.3098,-0.2334,7.8259,4.176,7.9991,4.0535,7.6999,4.0336,7.9389,3.8905,1,1,1,0
9.9113,7.8604,4.1209,0.2101,0.9213,0.3084,-0.237,7.8269,4.176,8.0002,4.0536,7.7008,4.0336,7.9471,3.8883,1,1,1,0
9.9269,7.8699,4.122,0.2083,0.921,0.3067,-0.2401,7.8278,4.1761,8.0013,4.0537,7.7016,4.0337,7.9561,3.8825,1,1,1,0
9.943,7.8792,4.1232,0.2066,0.9209,0.3048,-0.2429,7.8286,4.1761,8.0024,4.0538,7.7025,4.0338,7.967,3.876,1,1,1,0
9.9591,7.8884,4.1246,0.2052,0.9208,0.3033,-0.2452,7.8294,4.1761,8.0035,4.054,7.7034,4.0339,7.9793,3.87,1,1,1,0
9.9747,7.8974,4.1262,0.2043,0.9207,0.3025,-0.2467,7.8302,4.1762,8.0045,4.0542,7.7045,4.0342,7.9921,3.8652,1,1,1,0
9.9907,7.905,4.1279,0.2046,0.921,0.3026,-0.2451,7.8308,4.1761,8.0054,4.0544,7.7053,4.0343,8.0044,3.8621,1,1,1,0
10.0068,7.9112,4.1295,0.206,0.9223,0.3036,-0.2391,7.8312,4.176,8.0061,4.0547,7.706,4.0343,8.0158,3.8603,1,1,1,0
10.0228,7.9173,4.1314,0.2076,0.9237,0.3051,-0.2316,7.8316,4.176,8.0068,4.055,7.7067,4.0344,8.0264,3.8604,1,1,1,0
10.0383,7.9241,4.1337,0.2088,0.9247,0.3065,-0.2259,7.8322,4.1759,8.0075,4.0553,7.7074,4.0345,8.0369,3.8616,1,1,1,0
10.0534,7.9311,4.1366,0.2096,0.9251,0.3078,-0.2224,7.8327,4.1761,8.0083,4.0557,7.7082,4.0346,8.0466,3.8621,1,1,1,0
10.069,7.9373,4.1401,0.2102,0.9251,0.3089,-0.2207,7.8437,4.1774,8.009,4.0562,7.709,4.0348,8.0554,3.8604,1,1,1,0
10.0851,7.9416,4.144,0.2108,0.9261,0.309,-0.2166,7.8875,4.1885,8.0094,4.0567,7.7173,4.0373,8.0636,3.8587,0,1,1,0
10.1006,7.9443,4.1483,0.211,0.9285,0.3044,-0.2126,7.958,4.2164,8.0097,4.0571,7.7407,4.0465,8.0688,3.867,0,1,0,0
10.1165,7.9459,4.1531,0.2087,0.9322,0.2945,-0.2102,7.9843,4.2248,8.0431,4.0585,7.7643,4.0601,8.0649,3.8706,0,0,0,0
10.1343,7.9464,4.1565,0.207,0.9368,0.2912,-0.1939,7.9845,4.2256,8.088,4.0585,7.7794,4.0785,8.0478,3.8647,1,0,0,0
10.1628,7.9465,4.1588,0.2056,0.9408,0.2901,-0.1753,7.9844,4.2259,8.1091,4.0543,7.7788,4.0791,8.0216,3.8637,1,0,1,0
10.1833,7.9471,4.161,0.2044,0.9439,0.288,-0.1614,7.9844,4.2262,8.1119,4.0508,7.7785,4.0797,8.003,3.8764,1,0,1,0
10.2039,7.9491,4.1635,0.2038,0.9467,0.2849,-0.1505,7.9846,4.2265,8.1103,4.0501,7.7784,4.0802,7.9993,3.8966,1,0,1,0
10.2255,7.9524,4.1663,0.2036,0.9489,0.2815,-0.1428,7.9847,4.2268,8.1106,4.0551,7.7785,4.0805,8.0077,3.916,1,0,1,0
10.2434,7.9571,4.1693,0.2037,0.9504,0.2788,-0.1381,7.9851,4.227,8.1123,4.0644,7.7789,4.0808,8.0222,3.9316,1,0,1,0
10.2612,7.9623,4.1722,0.2043,0.9513,0.2763,-0.1364,7.9854,4.2272,8.1118,4.0745,7.7794,4.0808,8.0379,3.9412,1,0,1,0
10.2886,7.9674,4.1745,0.2053,0.9521,0.2737,-0.1361,7.9857,4.2272,8.1077,4.0848,7.78,4.0808,8.052,3.9446,1,0,1,0
10.3073,7.9723,4.1763,0.2065,0.9527,0.2715,-0.1365,7.986,4.2272,8.1009,4.0952,7.7806,4.0807,8.0636,3.9424,1,0,1,0
10.3292,7.9771,4.1776,0.2077,0.9531,0.2697,-0.1373,7.9863,4.2271,8.0933,4.103,7.7811,4.0805,8.0733,3.9365,1,1,1,0
10.3508,7.9815,4.1781,0.2088,0.9536,0.2676,-0.1378,7.9865,4.227,8.094,4.1022,7.7816,4.0804,8.0808,3.9285,1,1,1,0
10.3692,7.9857,4.1785,0.2101,0.9539,0.2673,-0.1362,7.9868,4.2268,8.0945,4.1023,7.782,4.0802,8.0863,3.9215,1,1,1,0
10.3956,7.9892,4.1786,0.212,0.9543,0.2682,-0.1316,7.987,4.2266,8.0948,4.1023,7.7823,4.08,8.091,3.9174,1,1,1,0
10.42,7.9918,4.1784,0.2142,0.9548,0.2694,-0.1256,7.9871,4.2263,8.0904,4.1038,7.7825,4.0798,8.0953,3.9163,1,1,1,0
10.4403,7.9938,4.1779,0.2166,0.9554,0.2704,-0.1183,7.9871,4.226,8.0896,4.104,7.7827,4.0796,8.0996,3.9169,1,1,1,0
10.4629,7.9958,4.1774,0.2188,0.956,0.2714,-0.1113,7.9872,4.2257,8.0892,4.1042,7.7829,4.0794,8.1036,3.9186,1,1,1,0
10.4849,7.9989,4.1769,0.2204,0.9567,0.2712,-0.1061,7.9873,4.2255,8.0895,4.1041,7.7831,4.0793,8.1082,3.9196,1,1,1,0
10.5023,8.003,4.1766,0.2217,0.9573,0.2702,-0.1025,7.9876,4.2253,8.0899,4.1041,7.7835,4.0791,8.1132,3.9196,1,1,1,0
10.5235,8.008,4.1766,0.223,0.958,0.2687,-0.1004,7.9879,4.2251,8.0903,4.1041,7.784,4.079,8.1184,3.9182,1,1,1,0
10.5467,8.0136,4.1768,0.2246,0.9585,0.2672,-0.0995,7.9883,4.225,8.0908,4.104,7.7846,4.0788,8.1237,3.9156,1,1,1,0
10.5697,8.0187,4.1773,0.2269,0.9585,0.2675,-0.0989,7.9886,4.2248,8.0913,4.104,7.7852,4.0785,8.1287,3.9121,1,1,1,0
10.5914,8.0227,4.1779,0.23,0.9583,0.269,-0.0961,7.9889,4.2246,8.0915,4.1039,7.7856,4.0782,8.1335,3.9084,1,1,1,0
10.6129,8.027,4.1788,0.2333,0.9584,0.2705,-0.091,7.9891,4.2245,8.0918,4.104,7.7861,4.0779,8.1385,3.9048,1,1,1,0
10.632,8.0321,4.1802,0.2366,0.9586,0.2716,-0.0859,7.9895,4.2244,8.0922,4.1041,7.7866,4.0777,8.1436,3.9016,1,1,1,0
10.6501,8.0376,4.1823,0.2394,0.9586,0.2723,-0.083,7.9899,4.2244,8.0927,4.1043,7.7872,4.0775,8.1487,3.8971,1,1,1,0
10.6681,8.0432,4.1854,0.2417,0.9584,0.2737,-0.0817,8.0039,4.2239,8.0932,4.1046,7.788,4.0774,8.1533,3.8905,1,1,1,0
10.6861,8.0484,4.1894,0.2431,0.9579,0.276,-0.0786,8.053,4.2351,8.0937,4.1048,7.8135,4.0877,8.1576,3.8838,0,1,0,0
10.704,8.0533,4.1943,0.2423,0.9588,0.2726,-0.0799,8.1056,4.2604,8.0959,4.1029,7.8557,4.1034,8.1569,3.8889,0,1,0,0
10.7228,8.0556,4.1987,0.2403,0.9613,0.2669,-0.0679,8.1026,4.2617,8.1518,4.1133,7.8872,4.1194,8.1471,3.8906,1,0,0,0
10.7444,8.0565,4.2019,0.2378,0.962,0.2701,-0.0396,8.1025,4.2622,8.2037,4.1108,7.8954,4.1168,8.127,3.9024,1,0,1,0
10.7646,8.0583,4.205,0.2348,0.9621,0.2722,-0.0159,8.1027,4.2627,8.2291,4.1043,7.895,4.1176,8.1108,3.9199,1,0,1,0
10.7855,8.0613,4.2085,0.2324,0.962,0.2732,0.0021,8.1029,4.2633,8.2425,4.0988,7.8949,4.1184,8.1036,3.9443,1,0,1,0
10.8067,8.0654,4.2125,0.2308,0.9617,0.2737,0.0175,8.1031,4.2638,8.2546,4.0981,7.8951,4.1191,8.1088,3.9672,1,0,1,0
10.8308,8.0702,4.2169,0.23,0.9612,0.2741,0.0297,8.1035,4.2643,8.2669,4.1039,7.8956,4.1197,8.1229,3.9874,1,0,1,0
10.853,8.0758,4.2215,0.2299,0.9607,0.2749,0.0377,8.1038,4.2648,8.2766,4.1138,7.8962,4.1202,8.1413,4.0045,1,0,1,0
10.8746,8.082,4.2261,0.2306,0.9603,0.2757,0.0418,8.1042,4.2653,8.2816,4.1246,7.897,4.1205,8.1614,4.0165,1,0,1,0
10.9003,8.0886,4.2306,0.2318,0.9602,0.2761,0.0422,8.1047,4.2657,8.2814,4.1352,7.8979,4.1206,8.1811,4.0212,1,0,1,0
10.9223,8.0957,4.2349,0.2338,0.9604,0.2758,0.039,8.1052,4.2661,8.2764,4.1455,7.899,4.1205,8.1984,4.0182,1,0,1,0
10.9438,8.1031,4.2387,0.2361,0.9603,0.2764,0.0372,8.1058,4.2664,8.2695,4.1569,7.9105,4.1371,8.2115,4.0082,1,0,0,0
10.9654,8.1111,4.2423,0.2384,0.9602,0.2768,0.0374,8.1063,4.2665,8.2643,4.1678,7.9247,4.1531,8.2207,3.9955,1,0,1,0
10.9865,8.1192,4.2456,0.2408,0.961,0.2748,0.0322,8.107,4.2666,8.2617,4.178,7.9292,4.156,8.2273,3.9848,1,0,1,0
11.0082,8.1272,4.2484,0.2434,0.9616,0.2731,0.0276,8.1075,4.2666,8.2566,4.1877,7.9339,4.1631,8.2326,3.9739,1,0,0,0
11.027,8.1341,4.2507,0.2463,0.9624,0.2705,0.026,8.108,4.2665,8.2573,4.188,7.9366,4.1651,8.2362,3.9641,1,1,1,0
11.0442,8.1404,4.2526,0.2492,0.963,0.2685,0.0245,8.1085,4.2664,8.2574,4.1889,7.9375,4.165,8.238,3.9564,1,0,1,0
11.0708,8.147,4.2544,0.2517,0.9636,0.2663,0.0221,8.1089,4.2663,8.2581,4.1891,7.9384,4.1649,8.2405,3.95,1,1,1,0
11.0921,8.1536,4.256,0.2543,0.9641,0.2647,0.0204,8.1094,4.2662,8.2587,4.1892,7.9393,4.1648,8.2442,3.9457,1,1,1,0
11.1136,8.1608,4.2576,0.257,0.9646,0.2632,0.0181,8.1099,4.266,8.2594,4.1893,7.9403,4.1647,8.2495,3.9427,1,1,1,0
11.1344,8.1686,4.2593,0.2598,0.9649,0.262,0.0154,8.1105,4.2659,8.2601,4.1894,7.9413,4.1645,8.2563,3.9394,1,1,1,0
11.156,8.1767,4.2612,0.2626,0.965,0.2618,0.0126,8.1111,4.2658,8.2609,4.1896,7.9423,4.1644,8.264,3.935,1,1,1,0
11.1769,8.1847,4.2635,0.2649,0.9648,0.2629,0.0097,8.1117,4.2658,8.2616,4.1898,7.9432,4.1643,8.2725,3.9302,1,1,1,0
11.2024,8.1917,4.2666,0.2663,0.9642,0.2649,0.0087,8.1384,4.2776,8.2622,4.1901,7.9441,4.1643,8.2825,3.9256,0,1,1,0
11.2223,8.1976,4.2707,0.2675,0.9638,0.2665,0.0096,8.1852,4.3081,8.2628,4.1905,7.9493,4.1642,8.2907,3.9238,0,1,1,0
11.2392,8.2027,4.2758,0.2677,0.9644,0.2642,0.0094,8.2339,4.3419,8.2632,4.191,7.9706,4.1767,8.2959,3.9367,0,1,0,0
11.2576,8.2063,4.2816,0.2658,0.9672,0.2536,0.0105,8.2579,4.3572,8.2968,4.194,8.0025,4.2036,8.2994,3.9608,0,0,0,0
11.2758,8.2086,4.287,0.262,0.9688,0.247,0.0224,8.25,4.3559,8.3432,4.1951,8.0157,4.2242,8.2935,3.9785,1,0,0,0
11.2961,8.21,4.291,0.258,0.9663,0.2512,0.0556,8.2501,4.3567,8.3709,4.1941,8.0055,4.2246,8.279,3.9941,1,0,0,0
11.314,8.2119,4.2945,0.255,0.9639,0.2529,0.0831,8.2502,4.3575,8.3723,4.1923,8.0054,4.2256,8.2608,4.002,1,0,1,0
11.3299,8.2152,4.2976,0.2539,0.9618,0.2548,0.1002,8.2504,4.358,8.3626,4.1851,8.0054,4.2264,8.2438,4.008,1,0,1,0
11.3468,8.2195,4.3009,0.2541,0.9608,0.2542,0.111,8.2507,4.3584,8.3622,4.1802,8.0056,4.2269,8.2388,4.0102,1,0,1,0
11.3627,8.2245,4.3041,0.2551,0.9608,0.2516,0.1166,8.2511,4.3587,8.3714,4.1822,8.0059,4.2273,8.2464,4.0139,1,0,1,0
11.3757,8.2302,4.3072,0.2563,0.9616,0.2479,0.118,8.2515,4.3589,8.3815,4.1884,8.0063,4.2276,8.2633,4.0213,1,0,1,0
11.3911,8.2364,4.3098,0.2578,0.9628,0.2441,0.116,8.252,4.3591,8.3877,4.1959,8.0068,4.2277,8.2854,4.031,1,0,1,0
11.4146,8.2432,4.3118,0.2594,0.9648,0.239,0.1098,8.2525,4.3592,8.3897,4.1981,8.0073,4.2278,8.3089,4.0402,1,1,1,0
11.4379,8.2502,4.3134,0.2614,0.9672,0.233,0.1015,8.2532,4.3593,8.3905,4.1982,8.0079,4.2277,8.3304,4.0451,1,1,1,0
11.4609,8.2576,4.3145,0.2638,0.9696,0.2267,0.0923,8.2538,4.3593,8.3913,4.1983,8.0085,4.2275,8.3476,4.0451,1,1,1,0
11.4841,8.2653,4.3152,0.2664,0.9718,0.2203,0.0841,8.2545,4.3592,8.3922,4.1983,8.0219,4.2365,8.3601,4.0404,1,1,1,0
11.5071,8.2733,4.3155,0.2695,0.974,0.2133,0.0762,8.2551,4.3589,8.393,4.1983,8.0361,4.2452,8.3681,4.0338,1,1,1,0
11.5304,8.2816,4.3155,0.2729,0.9762,0.206,0.0686,8.2557,4.3586,8.394,4.1982,8.05,4.2536,8.3735,4.0265,1,1,0,0
11.5543,8.2902,4.3152,0.2764,0.9782,0.1984,0.0615,8.2564,4.3583,8.3949,4.198,8.0628,4.2612,8.3781,4.019,1,1,1,0
11.5777,8.2986,4.3149,0.2805,0.9797,0.1927,0.0558,8.2569,4.3578,8.3958,4.1979,8.0701,4.2639,8.383,4.0123,1,1,1,0
11.5996,8.3069,4.3144,0.2849,0.9807,0.1886,0.0518,8.2576,4.3575,8.3966,4.1977,8.0752,4.2649,8.3885,4.007,1,1,1,0
11.6211,8.3156,4.3138,0.2893,0.9818,0.1841,0.0474,8.2583,4.3572,8.3975,4.1975,8.0781,4.2652,8.3952,4.0017,1,1,1,0
11.6433,8.3249,4.3133,0.2938,0.9827,0.1801,0.0427,8.259,4.3569,8.3984,4.1974,8.0846,4.2669,8.4024,3.9952,1,1,1,0
11.6672,8.3346,4.3132,0.298,0.9835,0.1771,0.0369,8.2597,4.3567,8.3993,4.1973,8.0901,4.267,8.4095,3.988,1,1,1,0
11.6895,8.3442,4.3139,0.3014,0.984,0.1758,0.0286,8.2604,4.3567,8.4003,4.1974,8.0977,4.2655,8.4174,3.9818,1,1,1,0
11.7125,8.3534,4.3163,0.3043,0.9839,0.1778,0.0199,8.2945,4.363,8.4012,4.1976,8.1082,4.256,8.4274,3.9763,0,1,1,0
11.7342,8.3623,4.3207,0.3069,0.9838,0.1789,0.0059,8.3518,4.3895,8.402,4.198,8.1521,4.245,8.4339,3.9777,0,1,0,0
11.7555,8.3711,4.3267,0.3075,0.9852,0.1711,-0.0146,8.4325,4.4167,8.4032,4.1979,8.2129,4.2465,8.4395,3.9943,0,1,0,0
11.7776,8.3799,4.3329,0.3065,0.9868,0.1598,-0.0273,8.4352,4.4189,8.4584,4.2087,8.2553,4.2688,8.4357,3.9981,1,0,0,0
11.7978,8.388,4.3372,0.3073,0.9865,0.163,-0.0182,8.436,4.4194,8.509,4.2129,8.283,4.2748,8.425,4.01,1,0,0,0
11.8193,8.396,4.3403,0.3067,0.9854,0.1705,-0.0022,8.4366,4.4205,8.5486,4.2178,8.2958,4.2663,8.4267,4.0271,1,0,1,0
11.8409,8.4037,4.3432,0.306,0.9845,0.1748,0.0126,8.4373,4.421,8.5749,4.2263,8.2955,4.2669,8.441,4.0537,1,0,1,0
11.8606,8.4116,4.3458,0.3054,0.9836,0.1786,0.0234,8.4381,4.4214,8.5909,4.2348,8.2952,4.2676,8.4606,4.0831,1,1,1,0
11.8791,8.4193,4.3478,0.3048,0.9834,0.1792,0.0297,8.4388,4.4218,8.5927,4.2361,8.2951,4.2683,8.4813,4.106,1,0,1,0
11.8959,8.4271,4.3494,0.3044,0.9833,0.1789,0.0336,8.4395,4.4221,8.594,4.2367,8.295,4.269,8.4996,4.1189,1,1,1,0
11.9113,8.4351,4.3506,0.3041,0.9835,0.1776,0.0349,8.44,4.4225,8.5952,4.2369,8.295,4.2697,8.5151,4.1224,1,1,1,0
11.9312,8.4432,4.3512,0.3041,0.9841,0.1747,0.0335,8.4407,4.4227,8.5963,4.237,8.2951,4.2703,8.5281,4.1191,1,1,1,0
11.9528,8.4514,4.3514,0.3046,0.985,0.1702,0.0298,8.4414,4.4227,8.5974,4.2369,8.2953,4.2708,8.5386,4.1115,1,1,1,0
11.9732,8.4598,4.3512,0.3057,0.9861,0.1644,0.0248,8.4421,4.4226,8.5986,4.2367,8.2957,4.2713,8.5472,4.1016,1,1,1,0
11.9905,8.4684,4.3506,0.3075,0.9872,0.158,0.0199,8.4428,4.4224,8.5997,4.2364,8.2962,4.2717,8.5543,4.0912,1,1,1,0
12.0119,8.4774,4.3498,0.3099,0.9883,0.1515,0.0155,8.4435,4.4222,8.6008,4.2361,8.2968,4.272,8.5607,4.0818,1,1,1,0
12.0337,8.4867,4.3487,0.3128,0.9893,0.1451,0.0118,8.4442,4.4218,8.6019,4.2358,8.2976,4.2723,8.5671,4.0738,1,1,1,0
12.0528,8.4963,4.3474,0.316,0.9903,0.1389,0.0087,8.4443,4.4215,8.6029,4.2355,8.2983,4.2725,8.574,4.067,1,1,1,0
12.0719,8.5062,4.346,0.3196,0.9911,0.1331,0.0058,8.4439,4.4212,8.604,4.2351,8.2991,4.2726,8.5814,4.0606,1,1,1,0
12.09,8.5165,4.3447,0.3234,0.9918,0.1276,0.0028,8.4426,4.4212,8.605,4.2348,8.3,4.2728,8.5893,4.0539,1,1,1,0
12.1074,8.5271,4.3434,0.3274,0.9925,0.1225,-0.0005,8.4421,4.4212,8.606,4.2345,8.3009,4.2729,8.5969,4.0457,1,1,1,0
12.1218,8.5379,4.3425,0.3314,0.9929,0.1186,-0.0046,8.4429,4.421,8.607,4.2343,8.3018,4.273,8.6041,4.035,1,1,1,0
12.1357,8.5487,4.3427,0.3348,0.9932,0.1161,-0.0107,8.4437,4.421,8.6079,4.2341,8.3026,4.2731,8.6119,4.0248,1,1,1,0
12.1504,8.5589,4.3444,0.3379,0.993,0.117,-0.0158,8.47,4.4182,8.6086,4.2339,8.3036,4.2732,8.6235,4.0179,0,1,1,0
12.1655,8.5686,4.3482,0.3409,0.9926,0.1195,-0.0219,8.5347,4.4257,8.6081,4.2325,8.3215,4.2714,8.6346,4.0152,0,1,1,0
12.1808,8.5778,4.3536,0.3429,0.9924,0.1183,-0.0348,8.5896,4.4375,8.6091,4.2328,8.3555,4.2788,8.6432,4.0251,1,1,0,0
12.1986,8.5857,4.3601,0.3423,0.9923,0.1093,-0.0584,8.5927,4.4393,8.6476,4.2394,8.3974,4.3041,8.6519,4.0408,1,0,0,0
12.218,8.5941,4.3648,0.3421,0.9914,0.1016,-0.0824,8.5928,4.4418,8.7014,4.2426,8.4275,4.3296,8.6551,4.0539,1,0,0,0
12.235,8.6042,4.3668,0.3446,0.9905,0.0977,-0.0966,8.5929,4.4425,8.7348,4.2472,8.4538,4.3325,8.6526,4.0627,1,0,0,0
12.2521,8.6145,4.3666,0.3478,0.99,0.0946,-0.1043,8.5932,4.4426,8.7392,4.2487,8.4729,4.3277,8.6533,4.0706,1,1,0,0
12.2692,8.6241,4.3653,0.3501,0.9897,0.0931,-0.1087,8.5936,4.4422,8.7405,4.2485,8.4804,4.3203,8.6601,4.0778,1,1,1,0
12.2856,8.633,4.3639,0.3517,0.9894,0.0915,-0.1129,8.5942,4.4418,8.7417,4.2482,8.4812,4.3202,8.6734,4.0849,1,1,1,0
12.303,8.6417,4.3625,0.3529,0.9892,0.0902,-0.1159,8.5946,4.4416,8.7428,4.248,8.4821,4.3202,8.6912,4.0909,1,1,1,0
12.3252,8.6485,4.3614,0.3552,0.9891,0.0918,-0.1155,8.5948,4.4414,8.7306,4.2457,8.4827,4.3201,8.709,4.0948,1,1,1,0
12.3454,8.6545,4.3601,0.3583,0.9896,0.0943,-0.109,8.5934,4.4406,8.7312,4.2456,8.4815,4.3192,8.7243,4.0941,1,1,1,0
12.3666,8.6616,4.3584,0.3612,0.9903,0.0956,-0.1011,8.5936,4.4403,8.7319,4.2454,8.482,4.3192,8.7358,4.0909,1,1,1,0
12.3878,8.6695,4.3567,0.3639,0.9908,0.0959,-0.0951,8.5939,4.4399,8.7326,4.2452,8.4828,4.3191,8.7443,4.0867,1,1,1,0
12.4096,8.6782,4.3551,0.3664,0.9913,0.0958,-0.0908,8.5944,4.4395,8.7335,4.2451,8.4838,4.3191,8.7516,4.0806,1,1,1,0
12.4397,8.6874,4.3538,0.3688,0.9915,0.0957,-0.0881,8.5949,4.4392,8.7344,4.245,8.4848,4.319,8.7586,4.0724,1,1,1,0
12.4685,8.6967,4.3535,0.3708,0.9915,0.0964,-0.0876,8.5955,4.4391,8.7353,4.245,8.4859,4.319,8.7653,4.0622,1,1,1,0
12.4909,8.7059,4.3544,0.3726,0.9912,0.1,-0.0867,8.6351,4.4355,8.7362,4.2451,8.487,4.319,8.7739,4.0516,0,1,1,0
12.5119,8.7147,4.357,0.3741,0.9906,0.1048,-0.0874,8.6924,4.4356,8.7371,4.2455,8.4897,4.3187,8.7822,4.0445,0,1,1,0
12.5306,8.7238,4.3614,0.375,0.99,0.1045,-0.0945,8.771,4.4427,8.738,4.2459,8.5133,4.3237,8.7877,4.0469,0,1,0,0
12.5471,8.7332,4.367,0.3736,0.9894,0.0943,-0.1105,8.7983,4.4423,8.7693,4.2455,8.5517,4.3336,8.7829,4.0489,1,0,0,0
12.5649,8.7405,4.3713,0.3739,0.9899,0.086,-0.1124,8.7994,4.4428,8.8284,4.249,8.5858,4.3375,8.768,4.0555,1,0,0,0
12.5839,8.7457,4.374,0.3747,0.9912,0.0834,-0.1031,8.7999,4.4428,8.8708,4.2498,8.5971,4.3364,8.7518,4.0682,1,0,1,0
12.6024,8.7499,4.376,0.3754,0.9923,0.0806,-0.0938,8.8003,4.4429,8.8895,4.255,8.5973,4.3368,8.7469,4.089,1,0,1,0
12.6204,8.7542,4.3777,0.3757,0.9931,0.0769,-0.0881,8.8007,4.443,8.8937,4.261,8.5977,4.3371,8.7537,4.1124,1,0,1,0
12.6383,8.7592,4.3793,0.376,0.9936,0.0729,-0.0863,8.8012,4.4431,8.8946,4.2673,8.5982,4.3373,8.7674,4.1302,1,0,1,0
12.657,8.7643,4.3808,0.3765,0.9939,0.0689,-0.0861,8.8017,4.4432,8.8958,4.2714,8.5988,4.3375,8.7831,4.1405,1,1,1,0
12.6744,8.7694,4.3819,0.3771,0.9941,0.0655,-0.086,8.8022,4.4433,8.8963,4.2741,8.5994,4.3376,8.7974,4.1438,1,1,1,0
12.6915,8.7745,4.3829,0.378,0.9944,0.0631,-0.0854,8.8027,4.4433,8.8967,4.2766,8.5999,4.3377,8.8095,4.1421,1,1,1,0
12.7095,8.7796,4.3837,0.379,0.9945,0.0614,-0.0843,8.8031,4.4433,8.8971,4.2785,8.6005,4.3377,8.8194,4.1377,1,1,1,0
12.7288,8.7845,4.3844,0.3802,0.9947,0.0601,-0.083,8.8034,4.4433,8.8975,4.2799,8.601,4.3378,8.8273,4.1322,1,1,1,0
12.75,8.7893,4.3848,0.3816,0.9949,0.0591,-0.0813,8.8038,4.4432,8.8981,4.2808,8.6015,4.3378,8.8338,4.1268,1,1,1,0
12.7725,8.7939,4.3851,0.3831,0.9951,0.0584,-0.0795,8.8041,4.4431,8.8985,4.2815,8.602,4.3378,8.8394,4.1223,1,1,1,0
12.7956,8.7977,4.3853,0.3849,0.9953,0.0587,-0.0775,8.8043,4.4429,8.8983,4.2833,8.6024,4.3377,8.8447,4.119,1,1,1,0
12.8204,8.8007,4.3854,0.3871,0.9955,0.0599,-0.0735,8.8044,4.4427,8.8981,4.2873,8.6027,4.3376,8.8497,4.1169,1,1,1,0
12.8419,8.8036,4.3853,0.3895,0.9959,0.0609,-0.0675,8.8045,4.4426,8.8983,4.2912,8.603,4.3376,8.8545,4.1157,1,1,1,0
12.8638,8.8071,4.3849,0.3915,0.9962,0.0609,-0.0621,8.8047,4.4424,8.8984,4.292,8.6033,4.3375,8.8588,4.1146,1,1,1,0
12.8854,8.8117,4.3842,0.3931,0.9965,0.0597,-0.0588,8.805,4.4422,8.8988,4.292,8.6038,4.3374,8.863,4.1129,1,1,1,0
12.9057,8.817,4.3833,0.3946,0.9967,0.0576,-0.0574,8.8054,4.442,8.8993,4.2919,8.6044,4.3373,8.8676,4.1103,1,1,1,0
12.9226,8.8231,4.3823,0.3961,0.9969,0.0551,-0.057,8.8059,4.4419,8.8999,4.2917,8.6051,4.3371,8.8728,4.1067,1,1,1,0
12.9393,8.8299,4.3812,0.3979,0.997,0.0525,-0.0572,8.8064,4.4416,8.9006,4.2916,8.6058,4.3369,8.8785,4.1023,1,1,1,0
12.9564,8.8372,4.3801,0.4002,0.9971,0.0502,-0.0575,8.807,4.4414,8.9012,4.2915,8.6066,4.3367,8.8847,4.0971,1,1,1,0
12.974,8.8451,4.3791,0.4028,0.9972,0.0482,-0.0578,8.8075,4.4411,8.9019,4.2914,8.6075,4.3364,8.8908,4.0909,1,1,1,0
12.9878,8.8535,4.3783,0.4058,0.9972,0.0469,-0.0583,8.8082,4.4409,8.9027,4.2914,8.6084,4.3361,8.8965,4.0836,1,1,1,0
13.001,8.8622,4.3782,0.4087,0.9971,0.0463,-0.0596,8.8088,4.4407,8.9034,4.2915,8.6094,4.3358,8.901,4.0743,1,1,1,0
13.0151,8.8707,4.379,0.4112,0.997,0.0473,-0.0611,8.8242,4.439,8.9041,4.2916,8.6104,4.3356,8.905,4.063,1,1,1,0
13.0293,8.879,4.3813,0.4132,0.9969,0.0495,-0.0606,8.8797,4.4397,8.9048,4.2919,8.6357,4.3379,8.9103,4.0529,0,1,0,0
13.044,8.8874,4.3849,0.4139,0.9969,0.0471,-0.063,8.9489,4.451,8.9055,4.2923,8.681,4.3416,8.9157,4.0565,0,1,0,0
13.0593,8.8945,4.3892,0.4127,0.9971,0.0386,-0.0654,8.9607,4.4534,8.953,4.2838,8.7225,4.3467,8.9137,4.0633,1,0,0,0
13.0741,8.8985,4.3927,0.4118,0.9979,0.0376,-0.0524,8.9612,4.454,8.996,4.2744,8.7481,4.3469,8.9046,4.0805,1,0,0,0
13.0897,8.9008,4.3953,0.4095,0.9987,0.0402,-0.0298,8.9614,4.4545,9.0228,4.2661,8.751,4.3396,8.8968,4.0976,1,0,1,0
13.1053,8.9037,4.3975,0.4067,0.9991,0.0419,-0.0072,8.9618,4.4551,9.0407,4.2569,8.7506,4.3404,8.8917,4.1174,1,0,1,0
13.1208,8.9079,4.3999,0.4043,0.9989,0.0445,0.0129,8.9624,4.4557,9.0531,4.25,8.7504,4.3412,8.893,4.1375,1,0,1,0
13.1363,8.9132,4.4026,0.4028,0.9984,0.0474,0.0309,8.9629,4.4563,9.0661,4.2471,8.7503,4.3419,8.9039,4.1543,1,0,1,0
13.1535,8.9192,4.4056,0.4022,0.9977,0.0507,0.046,8.9634,4.4568,9.0807,4.2493,8.7504,4.3424,8.922,4.1678,1,0,1,0
13.1713,8.9258,4.4087,0.4025,0.9969,0.0542,0.057,8.9638,4.4575,9.0949,4.2561,8.7507,4.3428,8.9436,4.1783,1,0,1,0
13.1878,8.9329,4.4114,0.4035,0.9963,0.0573,0.0641,8.9642,4.458,9.1056,4.266,8.7511,4.343,8.9661,4.1853,1,0,1,0
13.2055,8.9405,4.4139,0.4051,0.9959,0.0597,0.0675,8.9647,4.4583,9.1108,4.2769,8.7516,4.3429,8.9876,4.1867,1,0,1,0
13.2251,8.9483,4.4159,0.4073,0.9959,0.0612,0.0673,8.9653,4.4584,9.1106,4.2879,8.7523,4.3426,9.0056,4.182,1,0,1,0
13.2438,8.9562,4.4172,0.41,0.9962,0.0604,0.0624,8.9658,4.4583,9.1108,4.2935,8.753,4.3421,9.0181,4.1722,1,1,1,0
